{"article_id": "article1778850.bdnews", "article_title": "সৌদি আরব থেকে ফিরলেন ৪১৮ জন", "article_by": "নিজস্ব প্রতিবেদক, বিডিনিউজ টোয়েন্টিফোর ডটকম", "article_published": "09 Jul 2020 11:57 PM BdST", "article_updated": "10 Jul 2020 12:03 AM BdST", "article_leadtext": "কোভিড-১৯ মহামারীর মধ্যে সৌদি আরবের রাজধানী রিয়াদ থেকে ফিরলেন ৪১৮ বাংলাদেশি।", "article_text": "কোভিড-১৯ মহামারীর মধ্যে সৌদি আরবের রাজধানী রিয়াদ থেকে ফিরলেন ৪১৮ বাংলাদেশি। বিমান বাংলাদেশ এয়ারলাইন্সের একটি বিশেষ ফ্লাইটে তারা বৃহস্পতিবার বেলা ৩টা ১১ মিনিটে  ঢাকা পৌঁছান বলে বিমানের জনসংযোগ শাখার উপ-মহাব্যবস্থাপক তাহেরা খন্দকার জানান। মহামারীর কারণে বিশ্বে বিমান যোগাযোগ সীমিত হওয়ার পাশাপাশি বিভিন্ন দেশ লকডাউন ঘোষণা করায় অনেকে বিভিন্ন দেশে আটকা পড়েন। বাংলাদেশ থেকে ১৭টি আন্তর্জাতিক গন্তব্যের মধ্যে এখন কেবল লন্ডন ও চীনে সরাসরি ফ্লাইট চলাচল করছে। আর ঢাকা থেকে কাতারে ট্রানজিট যাত্রীরা চলাচল করতে পারছেন। এ অবস্থায় বিশেষ ফ্লাইটে বিভিন্ন দেশ থেকে বাংলাদেশিদের ফিরিয়ে আনা হচ্ছে। গত তিন মাসে যুক্তরাষ্ট্র, যুক্তরাজ্য, সৌদি আরব, থাইল্যান্ড, সিঙ্গাপুর, তুরস্ক, মালদ্বীপ, কুয়েত, কাতার, ভারত, মালয়েশিয়া এবং ইউরোপের বিভিন্ন দেশ থেকে কয়েক হাজার বাংলাদেশি বিশেষ ফ্লাইটে দেশে ফিরেছেন।", "article_category": "bangladesh"}