{"article_id": "article1778722.bdnews", "article_title": "সাহেদের পেছনে ‍দুদকও নামছে", "article_by": "নিজস্ব প্রতিবেদক, বিডিনিউজ টোয়েন্টিফোর ডটকম", "article_published": "09 Jul 2020 06:08 PM BdST", "article_updated": "09 Jul 2020 06:08 PM BdST", "article_leadtext": "র‌্যাবের অভিযানের পর লাপাত্তা রিজেন্ট গ্রুপের চেয়ারম্যান মো. সাহেদের দুর্নীতির অনুসন্ধানে নামছে দুর্নীতি দমন কমিশন (দুদক)।", "article_text": "র‌্যাবের অভিযানের পর লাপাত্তা রিজেন্ট গ্রুপের চেয়ারম্যান মো. সাহেদের দুর্নীতির অনুসন্ধানে নামছে দুর্নীতি দমন কমিশন (দুদক)। দুদক সচিব মুহাম্মদ দিলোয়ার বখত বৃহস্পতিবার তার কার্যালয়ে সাংবাদিকদের প্রশ্নের জবাবে একথা জানান। তিনি বলেন, “হাসপাতালটির (রিজেন্ট) বিভিন্ন অনিয়ম-দুর্নীতির খবর প্রকাশিত হচ্ছে। এসব আমরা দেখছি। “এ বিষয়ে বিভিন্ন তথ্য-উপাত্ত সংগ্রহ করা হচ্ছে। চিকিৎসা দেওয়ার নাম করে জ্ঞাত আয় বহির্ভূত সম্পদ অর্জনের বিষয়ে হাসপাতালটির মালিকের বিরুদ্ধে দুর্নীতি-অনিয়মের যে সকল অভিযোগ আসছে, তার ভিত্তিতে আমরা অচিরেই অনুসন্ধান শুরু করব। ” রিজেন্ট চেয়ারম্যান সাহেদের ব্যাংক হিসাব তলব  রিজেন্ট হাসপাতালের বিষয়ে এখন ব্যাখ্যা চায় স্বাস্থ্য মন্ত্রণালয়  করোনাভাইরাসের পরীক্ষা না করে ভুয়া রিপোর্ট দেওয়া, সরকারের কাছে বিল দেওয়ার পর আবার রোগীর কাছ থেকেও অর্থ নেওয়াসহ রিজেন্ট হাসপাতালে নানা অনিয়মের খবর সম্প্রতি প্রকাশ্য হয়েছে র‌্যাবের এক অভিযানের মধ্য দিয়ে। রিজেন্ট হাসপাতালের বিরুদ্ধে অনিয়মের ও প্রতারণার অভিযোগে মামলাও করেছে র‌্যাব। তবে মূল আসামি সাহেদকে এখনও গ্রেপ্তার করা যায়নি। ‘প্রতারক’ সাহেদনামা", "article_category": "bangladesh"}