{"article_id": "article1778592.bdnews", "article_title": "রিজেন্টের জনসংযোগ কর্মকর্তা গ্রেপ্তার, সাহেদ এখনও অধরা", "article_by": "জ্যেষ্ঠ প্রতিবেদক, বিডিনিউজ টোয়েন্টিফোর ডটকম", "article_published": "09 Jul 2020 12:20 PM BdST", "article_updated": "09 Jul 2020 12:22 PM BdST", "article_leadtext": "করোনাভাইরাস মহামারীর মধ্যে চিকিৎসার নামে প্রতারণার মামলায় ঢাকার রিজেন্ট হাসপাতালের জনসংযোগ কর্মকর্তা তরিকুল ইসলাম শিবলীকে গ্রেপ্তার করেছে র‌্যাব।", "article_text": "করোনাভাইরাস মহামারীর মধ্যে চিকিৎসার নামে প্রতারণার মামলায় ঢাকার রিজেন্ট হাসপাতালের জনসংযোগ কর্মকর্তা তরিকুল ইসলাম শিবলীকে গ্রেপ্তার করেছে র‌্যাব। বৃহস্পতিবার সকালে রাজধানীর নাখালপাড়া থেকে তাকে গ্রেপ্তার করা হয় বলে র‌্যাবের আইন ও গণমাধ্যম শাখার পরিচালক আশিক বিল্লাহ জানান। তিনি বলেন, “তার কাছ থেকে গুরুত্বপূর্ণ তথ্য পাওয়া গেছে। এছাড়া এ ঘটনার মূল আসামি রিজেন্টের চেয়ারম্যান মোহাম্মদ সাহেদকে ধরতে বিভিন্নস্থানে অভিযান চলছে। ”বাংলাদেশে করোনাভাইরাসের প্রাদুর্ভাব শুরুর পরপরই গত মার্চে রিজেন্ট হাসপাতালকে কোভিড-১৯ রোগীদের চিকিৎসার জন্য নির্দিষ্ট করেছিল সরকার। যদিও তাদের হাসপাতাল চালানোর অনুমতির মেয়াদ শেষ হয়ে গিয়েছিল আগেই। সেখানে নমুনা পরীক্ষা না করে করোনাভাইরাসের ভুয়া রিপোর্ট দেওয়ার বেশ কিছু অভিযোগ পাওয়ার পর র‌্যাব খোঁজ নিয়ে জানতে পারে সরকারি প্রতিষ্ঠানের সিল ও প্যাড নকল করে সেসব রিপোর্ট তৈরি করা হলেও সেসব স্বাস্থ্যকেন্দ্র এসব নমুনা পরীক্ষা করেনি, রিপোর্টও দেয়নি। রিজেন্টের জালিয়াতি ধরা পড়ল যেভাবে   লাইসেন্স নেই জেনেই রিজেন্ট হাসপাতালের সঙ্গে চুক্তি  ওই অভিযোগের ভিত্তিতে সোমবার, মঙ্গল ও বুধবার রিজেন্ট হাসপাতালের উত্তরা ও মিরপুর শাখা এবং রিজেন্ট গ্রুপের প্রধান কার্যালয়ে অভিযান চালায় র‌্যাব। অভিযানে বেশ কিছু অনুমোদনহীন টেস্ট কিট এবং করোনাভাইরাসের ভুয়া রিপোর্ট পাওয়ার কথা জানানো হয় র‌্যাবের পক্ষ থেকে। অভিযানের প্রথম দুই দিনে উত্তরা থেকে মোট আটজনকে গ্রেপ্তার করা হয়। পরে মঙ্গলবার রাতে রিজেন্ট হাসপাতালের বিরুদ্ধে অনিয়মের ও প্রতারণার অভিযোগ ১৭ জনের বিরুদ্ধে মামলা করা হয় রাজধানীর উত্তরা পশ্চিম থানায়। ওই মামলায় বলা হয়, প্রায় ছয় হাজার ব্যক্তির কোভিড-১৯ পরীক্ষার নামে দুই কোটি ১০ লাখ টাকা আয় করলেও বিনামূল্যে চিকিৎসার কথা বলে এক কোটি ৯৬ লাখ টাকার একটি বিল স্বাস্থ্য অধিদপ্তরে জমা দিয়েছে রিজেন্ট হাসপাতাল কর্তৃপক্ষ।", "article_category": "bangladesh"}