{"article_id": "article1778763.bdnews", "article_title": "সেই যুগ্মসচিব এখন নৌঅধিদপ্তরের মহাপরিচালক", "article_by": "জ্যেষ্ঠ প্রতিবেদক, বিডিনিউজ টোয়েন্টিফোর ডটকম", "article_published": "09 Jul 2020 07:49 PM BdST", "article_updated": "09 Jul 2020 08:19 PM BdST", "article_leadtext": "যে যুগ্মসচিবের গাড়ির অপেক্ষায় ফেরি ছাড়তে তিন ঘণ্টা দেরি হওয়ায় অ্যাম্বুলেন্সে থাকা এক স্কুলছাত্রের মৃত্যু হয়েছিল, সেই কর্মকর্তা নৌপরিবহন অধিদপ্তরের মহাপরিচালক পদে নিয়োগ পেয়েছেন।", "article_text": "যে যুগ্মসচিবের গাড়ির অপেক্ষায় ফেরি ছাড়তে তিন ঘণ্টা দেরি হওয়ায় অ্যাম্বুলেন্সে থাকা এক স্কুলছাত্রের মৃত্যু হয়েছিল, সেই কর্মকর্তা নৌপরিবহন অধিদপ্তরের মহাপরিচালক পদে নিয়োগ পেয়েছেন। বর্তমানে সরকারি আবাসন পরিদপ্তরের পরিচালকের দায়িত্ব থাকা যুগ্মসচিব মো. আবদুর সবুর মন্ডলকে নৌপরিবহন অধিদপ্তরের মহাপরিচালক পদে বদলি করে বৃহস্পতিবার আদেশ জারি করেছে জনপ্রশাসন মন্ত্রণালয়। নৌপরিবহন অধিদপ্তরের মহাপরিচালকের দায়িত্ব থাকা কমডোর সৈয়দ আরিফুল ইসলামের চাকরির মেয়াদ আগামী আগস্ট মাসে শেষ হবে। এর আগেই তাকে নৌবাহিনীতে ফিরিয়ে নেওয়া হবে বলে একজন কর্মকর্তা জানিয়েছেন। নড়াইলের কালিয়া পাইলট মাধ্যমিক বিদ্যালয়ের ষষ্ঠ শ্রেণির ছাত্র তিতাস ঘোষ সড়ক দুর্ঘটনায় গুরুতর আহত হলে তাকে একটি অ্যাম্বুলেন্সে করে ঢাকায় নিয়ে যাচ্ছিলেন স্বজনরা। সেদিন রাত ৮টায় অ্যাম্বুলেন্সটি যখন কাঁঠালবাড়ি ১ নম্বর ফেরিঘাটে পৌঁছায় তখন কুমিল্লা নামে একটি ফেরি ওই ঘাটেই ছিল। কিন্তু সরকারের এটুআই প্রকল্পে ওই সময় দায়িত্বরত যুগ্মসচিব আবদুস সবুর মণ্ডলের গাড়ি যাবে- এই ‘নির্দেশনা’ থাকায় ফেরি ছাড়তে দেরি করে ঘাট কর্তৃপক্ষ। শেষ পর্যন্ত রাত ১১টার দিকে যুগ্মসচিবের গাড়ি ঘাটে পৌঁছানোর পর ফেরি ‘কুমিল্লা’ রওনা হয়। কিন্তু মাঝ নদীতে অ্যাম্বুলেন্সেই মারা যায় ১১ বছর বয়সী তিতাস। এই ঘটনা তদন্তে কয়েকটি কমিটি হয়েছিল। স্কুলছাত্র তিতাস ঘোষের মৃত্যুতে পরোক্ষভাবে হলেও যুগ্মসচিব আবদুস সবুর মণ্ডলের দায় রয়েছে বলে নৌ মন্ত্রণালয়ের তদন্ত কমিটি প্রতিবেদন দেয়। তবে আরেকটি কমিটি তাদের প্রতিবেদনে দেরিতে ফেরি ছাড়ার জন্য ঘাট ব্যবস্থাপকসহ ফেরি ঘাটে দায়িত্বরত তিন কর্মকর্তা-কর্মচারীকে দায়ী করলেও আব্দুস সবুর মণ্ডলের দায় খুঁজে পায়নি। ফেরিতে তিতাসের মৃত্যু: দুই তদন্ত প্রতিবেদন চেয়েছে হাই কোর্ট   তিতাসের মৃত্যুর দায় এড়াতে পারেন না যুগ্ম সচিব: প্রতিবেদন আবাসন পরিদপ্তরে নতুন পরিচালকজ্বালানি ও খনিজসম্পদ বিভাগের যুগ্মসচিব মো. জিল্লুর রহমান চৌধুরীকে সরকারি আবাসন পরিদপ্তরের পরিচালক নিয়োগ দেওয়া হয়েছে। এছাড়া ঢাকা পরিবহন সমন্বয় কর্তৃপক্ষের ট্রাফিক ইঞ্জিনিয়ার  মো. আনিসুর রহমানকে মংলা বন্দর কর্তৃপক্ষের সদস্য এবং বাংলাদেশ সড়ক পরিবহন কর্তৃপক্ষের পরিচালক এ কে এম মাসুদুর রহমানকে জরিপ অধিদপ্তরের পরিচালক করা হয়েছে।", "article_category": "bangladesh"}