{"article_id": "article1778034.bdnews", "article_title": "রডের বদলে বাঁশ: ময়মনসিংহে ইউপি সদস্য বরখাস্ত", "article_by": "জ্যেষ্ঠ প্রতিবেদক, বিডিনিউজ টোয়েন্টিফোর ডটকম", "article_published": "07 Jul 2020 07:43 PM BdST", "article_updated": "07 Jul 2020 07:43 PM BdST", "article_leadtext": "ইউড্রেইন (কালভার্ট) নির্মাণে রডের পরিবর্তে বাঁশ ব্যবহার করায় ইউনিয়ন পরিষদের একজন সদস্যকে সাময়িক বরখাস্ত করেছে সরকার।", "article_text": "ইউড্রেইন (কালভার্ট) নির্মাণে রডের পরিবর্তে বাঁশ ব্যবহার করায় ইউনিয়ন পরিষদের একজন সদস্যকে সাময়িক বরখাস্ত করেছে সরকার। ময়মনসিংহের ফুলবাড়িয়ার ১২ নম্বর আছিম পাটুলি ইউনিয়নের ৮ নম্বর ওয়ার্ডের সদস্য মোহাম্মদ আলী আলমকে মঙ্গলবার বরখাস্ত করে আদেশ জারি করেছে স্থানীয় সরকার বিভাগ। লোকাল গভর্নেন্স সাপোর্ট প্রজেক্ট-৩ (এলজিএসপি-৩) এর আওতায় ওই ইউড্রেইন নির্মাণ প্রকল্প কমিটির সভাপতি মোহাম্মদ আলী। ইউড্রেইন নির্মাণে অনিয়মের বিষয়টি সামাজিক যোগাযোগ মাধ্যমে ছড়িয়ে পড়লে তদন্তে ঘটনার সত্যতা পাওয়া যায় বলে আদেশে জানানো হয়েছে। আছিম পাটুলী ইউনিয়নে এলজিএসপির আওতায় ২৫ লাখ ৫৬ হাজার টাকা ব্যয়ে ১০টি প্রকল্প হাতে নেওয়া হয়েছে। এর মধ্যে ৮ নম্বর ওয়ার্ডের এলঙ্গি-কান্দানিয়া রাস্তার কালির চালা থেকে পান্নার বাড়ির সড়কের তালেব আলীর জমির পাশে দুই লাখ টাকা ব্যয়ে একটি প্রকল্প বাস্তবায়ন করা হচ্ছে।", "article_category": "bangladesh"}