{"article_id": "article1778037.bdnews", "article_title": "ওয়ারীতে পরীক্ষার অর্ধেকই সংক্রমিত: মেয়র তাপস", "article_by": "নিজস্ব প্রতিবেদক, বিডিনিউজ টোয়েন্টিফোর ডটকম", "article_published": "07 Jul 2020 07:50 PM BdST", "article_updated": "07 Jul 2020 07:52 PM BdST", "article_leadtext": "সারা দেশে করোনাভাইরাসের নমুনা পরীক্ষায় যেখানে ২৩ শতাংশের মতো পজিটিভ এসেছে, সেখানে লকডাউনে থাকা পুরান ঢাকার ওয়ারীতে এই হার দ্বিগুণেরও বেশি।", "article_text": "সারা দেশে করোনাভাইরাসের নমুনা পরীক্ষায় যেখানে ২৩ শতাংশের মতো পজিটিভ এসেছে, সেখানে লকডাউনে থাকা পুরান ঢাকার ওয়ারীতে এই হার দ্বিগুণেরও বেশি। গত শনিবার ভোর থেকে ওয়ারীর যেসব এলাকা অবরুদ্ধ করা হয়েছে, গত তিন দিনে সেখানকার নমুনা পরীক্ষার অর্ধেকই ভাইরাস সংক্রমিত পাওয়া গেছে বলে ঢাকা দক্ষিণ সিটি করপোরেশনের মেয়র শেখ ফজলে নূর তাপস জানিয়েছেন। মেয়র বলেন, “গত তিন দিনে এখানে সংক্রমণের যে হার আমরা পেয়েছি, যে পরিমাণ নমুনা সংগ্রহ করা হয়েছে এর মধ্যে ৫০ শতাংশ সংক্রমিত, এটা আমরা লক্ষ করেছি। এই সংক্রমণ থেকে বেরিয়ে আসতে কঠোরভাবে লকডাউন বাস্তবায়ন এবং সবাইকে তা মেনে চলতে হবে। ”  অবরুদ্ধ হল ওয়ারীর ‘রেড জোন’  শনিবার ভোর ৬টা থেকে ওয়ারীর ২১টি রাস্তার মুখে বাঁশের ব্যারিকেড বসিয়ে সব কিছু বন্ধ করে দেওয়া হয়েছে। শুধু দুটি প্রবেশ পথ খোলা রাখা হয়েছে, যেখানে বসানো হয়েছে নিরাপত্তা বাহিনীর ছাউনি। প্রয়োজনীয় কাগজপত্র ছাড়া কাউকে বের হতে দেওয়া হচ্ছে না। এসব এলাকায় ওষুধের দোকান ছাড়া সব দোকান-পাট, বিপণিবিতান, স্কুল-কলেজ,সরকারি-বেসরকারি অফিস-প্রতিষ্ঠান বন্ধ রয়েছে। লকডাউন এলাকায় ইতোমধ্যে সাধারণ ছুটি ঘোষণা করা হয়েছে। করোনাভাইরাস: আরও ৫৫ জনের মৃত্যু  ধৈর্যের সাথে এই পরিস্থিতিতে মানিয়ে চলার আহ্বান জানিয়ে ঢাকা দক্ষিণের মেয়র বলেন, “আমাদের সকলেরই কষ্ট হচ্ছে। আমি অনুরোধ করব- এই কষ্ট সবাইকে মেনে নিয়ে লকডাউন পালন করব। তাহলে এর মধ্যেই এই এলাকা সংক্রমণমুক্ত হতে পারব বলে আশা করছি। ”“সরকার সাধারণ ছুটি উঠিয়ে দিয়েছে, কিন্তু যেসব জায়গা অত্যন্ত ঝুকিপূর্ণ সে সব জায়গা লাল চিহ্নিত করা হয়েছে। লাল চিহ্নিত মানেই অত্যন্ত সংক্রমিত এলাকা। দয়া করে এই কয় দিন বাসায় থাকবেন নিরাপদে থাকবেন। পরবর্তীতে আল্লাহর রহমতে জীবিকা আহরণে অংশ নিতে পারবেন। লকডাউনের গুরুত্ব অনুধাবন করবেন। ”কঠোরভাবে লকডাউন বাস্তবায়নে সবাইকে আরও সজাগ থাকার আহ্বান জানিয়ে তিনি বলেন, “আমাদের কোথাও কোনো ঘাটতি আছে কি না সেটা দেখার জন্যই আমরা এই সমন্বয় সভা করেছি। এর মধ্যে আসা-যাওয়া একেবারেই বন্ধ করতে চাচ্ছি। আমরা আরও কঠোর হচ্ছি। ”", "article_category": "bangladesh"}