{"article_id": "article1777868.bdnews", "article_title": "মেয়র আতিকের বড় ভাইয়ের মৃত্যু", "article_by": "জ্যেষ্ঠ প্রতিবেদক, বিডিনিউজ টোয়েন্টিফোর ডটকম", "article_published": "07 Jul 2020 11:41 AM BdST", "article_updated": "07 Jul 2020 11:41 AM BdST", "article_leadtext": "ঢাকা উত্তর সিটি করপোরেশনের মেয়র আতিকুল ইসলামের বড় ভাই প্রকৌশলী মো. শফিকুল ইসলাম মারা গেছেন।", "article_text": "ঢাকা উত্তর সিটি করপোরেশনের মেয়র আতিকুল ইসলামের বড় ভাই প্রকৌশলী মো. শফিকুল ইসলাম মারা গেছেন। সোমবার রাত ১২টা ২০মিনিটে রাজধানীর ইউনাইটেড হাসপাতালে চিকিৎসাধীন অবস্থায় বাংলাদেশ পরমাণু শক্তি কমিশনের সাবেক এই কর্মকর্তার মৃত্যু হয়। মেয়র আতিক বিডিনিউজ টোয়েন্টিফোর ডটকমকে বলেন, \"উনার বয়স হয়েছিল আশি বছরের বেশি। বার্ধক্যজনিত বিভিন্ন সমস্যা ছিল। অসুস্থ হওয়ায় হাসপাতালে ভর্তি করা হয়েছিল। রাতে ম্যাসিভ হার্ট অ্যাটাক হয় বলে চিকিৎসকরা জানিয়েছেন। তখনই তিনি মারা যান। \"পাঁচ ভাই, ছয় বোনের মধ্যে মো. শফিকুল ইসলাম ছিলেন সবার বড়। আর আতিকুল ইসলাম সবার ছোট। তিনি জানান, ১৯৫৮ সালে আহসানউল্লাহ ইঞ্জিনিয়ারিং কলেজ থেকে পাস করেন শফিকুল ইসলাম। পরে যোগ দেন পরমাণু শক্তি কমিশনে। একসময় রূপপুর পারমাণবিক বিদ্যুৎ কেন্দ্র প্রকল্পের পরিচালক হিসেবেও তিনি দায়িত্ব পালন করেছেন বলে জানান আতিক।", "article_category": "bangladesh"}