{"article_id": "article1781206.bdnews", "article_title": "ইভ্যালিতে যুক্ত হল বেঙ্গল গ্রুপ", "article_by": "নিজস্ব প্রতিবেদক, বিডিনিউজ টোয়েন্টিফোর ডটকম", "article_published": "16 Jul 2020 06:22 PM BdST", "article_updated": "16 Jul 2020 06:22 PM BdST", "article_leadtext": "ইভ্যালিতে এখন থেকে পাওয়া যাবে বেঙ্গল গ্রুপের তৈরি মোবাইল, ইলেকট্রনিক্স যন্ত্রপাতি ও প্লাস্টিকের পণ্য।", "article_text": "ইভ্যালিতে এখন থেকে পাওয়া যাবে বেঙ্গল গ্রুপের তৈরি মোবাইল, ইলেকট্রনিক্স যন্ত্রপাতি ও প্লাস্টিকের পণ্য। বৃহস্পতিবার ইভ্যালির এক সংবাদ বিজ্ঞপ্তিতে জানানো হয়, সম্প্রতি প্রতিষ্ঠান দুটির মধ্যে এই সংক্রান্ত চুক্তি হয়েছে। এই চুক্তির ফলে বেঙ্গল গ্রুপ এবং এর সহযোগী প্রতিষ্ঠানগুলোর বিভিন্ন ধরনের পণ্য ইভ্যালি থেকে আকর্ষণীয় অফারে কিনতে পারবেন গ্রাহকেরা। এর মধ্যে আছে বেঙ্গল গ্রুপের লিনেক্স মোবাইল, লিনেক্স ইলেকট্রনিক্স, বেঙ্গল মোবাইল এবং বেঙ্গল প্লাস্টিকের বিভিন্ন ধরনের পণ্য। এছাড়া মারল্যাক্স ইলেকট্রনিক্স এর বিভিন্ন মডেলের এসি, ফ্রিজ, ওভেন ও রাইস কুকারে ১৪০ শতাংশ ক্যাশব্যাকের অফার থাকছে। ইভ্যালির কমার্শিয়াল বিজনেস ডেভেলপমেন্ট বিভাগের প্রধান দেভাকর দে শুভ এবং বেঙ্গল গ্রুপের সহযোগী প্রতিষ্ঠান মারল্যাক্স টেকনোলজিস লিমিটেডের হেড অব অপারেশনস শেখ শিমুল আহমেদ নিজ নিজ প্রতিষ্ঠানের পক্ষে চুক্তিপত্রে সই করেন। তেজগাঁওয়ে বেঙ্গল গ্রুপের প্রধান কার্যালয় বেঙ্গল স্কয়ারে অনুষ্ঠিত চুক্তি স্বাক্ষর অনুষ্ঠানে ইভ্যালির বিজনেস ডেভেলপমেন্ট ম্যানেজার (কমার্শিয়াল) ইমতিয়াজ হাসান এবং মারল্যাক্স এর সেলস অ্যাডমিন নাসিরুল ইসলাম উপস্থিত ছিলেন।", "article_category": "business"}