{"article_id": "article1781303.bdnews", "article_title": "বিজ্ঞানী আলী আসগর আর নেই", "article_by": "নিজস্ব প্রতিবেদক, বিডিনিউজ টোয়েন্টিফোর ডটকম", "article_published": "16 Jul 2020 09:52 PM BdST", "article_updated": "16 Jul 2020 09:52 PM BdST", "article_leadtext": "বাংলাদেশে উদ্ভাবনমূলক বিজ্ঞানচর্চা আন্দোলনের অন্যতম পথিকৃৎ আলী আসগর মারা গেছেন।", "article_text": "বাংলাদেশে উদ্ভাবনমূলক বিজ্ঞানচর্চা আন্দোলনের অন্যতম পথিকৃৎ আলী আসগর মারা গেছেন। খেলাঘর কেন্দ্রীয় আসরের সাধারণ সম্পাদক লেনিন চৌধুরী তার পরিবারের বরাত দিয়ে বিডিনিউজ টোয়েন্টিফোর ডটকমকে বলেন, “আজ বিকালে স্যার নিজের বাসায় ইন্তেকাল করেছেন। তার হার্ট অ্যাটাক হয়েছিল। ” অধ্যাপক আলী আসগরের বয়স হয়েছিল ৮৪ বছর। তিনি স্ত্রী ও দুই ছেলে রেখে গেছেন। ডা. লেনিন বলেন, অধ্যাপক আলী আসগর একসময়ে শিশু কিশোরদের সাংস্কৃতিক সংগঠন খেলাঘরের চেয়ারপারসনের দায়িত্ব পালন করেছেন। খেলাঘর আন্দোলনকে বিকশিত করতে আলী আসগরের অবদান অনন্য। বিজ্ঞান খেলাঘরের প্রতিষ্ঠাতাও ছিলেন। মৃত্যুর আগ পর্যন্ত খেলাঘরের প্রধান উপদেষ্টা ছিলেন তিনি। আলী আসগর গণবিশ্ববিদ্যালয়ের মেডিকেল ফিজিক্স ও বায়োমেডিকেল ইঞ্জিনিয়ারিং বিভাগের প্রধান ছিলেন। বুয়েটে ডিন হিসেবেও দায়িত্ব পালন করেছেন তিনি। আসগর আলীর শতাধিক গবেষণা প্রবন্ধ প্রকাশিত হয়েছে প্রসিডিংস রয়্যাল সোসাইটি, ফিজিক্যাল রিভিউ, ফিজিক্যাল রিভিউ লেটার্স, জার্নাল অব ম্যাগনেটিজম অ্যান্ড ম্যাগনেটিক ম্যাটেরিয়্যালস, ফিজিকা, গার্মোকেমিকা অ্যাকটা, জার্নাল অব অ্যালয়েজ অ্যান্ড কম্পাউন্ড, নিউক্লিয়ার সায়েন্স অ্যান্ড অ্যাপ্লিকেশন, ইন্ডিয়ান জার্নাল অব ফিজিক্স, বাংলাদেশ জার্নাল অব ফিজিক্স, জার্নাল অব বাংলাদেশ অ্যাকাডেমি অব সায়েন্সেসহ দেশি-বিদেশি জার্নালে। গবেষণা ও শিক্ষকতার পাশাপাশি বিজ্ঞান গবেষণার পরিবেশ সৃষ্টি, উদ্ভাবনমূলক বিজ্ঞানচর্চার আন্দোলন গড়ে তোলায় অগ্রণী ভূমিকা পালন করেছেন তিনি। বিজ্ঞান ক্লাব গড়ে তোলার পাশাপাশি গণমাধ্যমকেও বিজ্ঞানমনস্কতা ও বিজ্ঞান চর্চার অনুকূল পরিবেশ সৃষ্টিতে ব্যবহার করেছেন অধ্যাপক আসগর। বিজ্ঞান বিষয়ক একাধিক বই লিখেছেন তিনি। তার লেখা বইগুলোর মধ্যে রয়েছে ‘সময় প্রসঙ্গে’, ‘ভাষা ও বিজ্ঞান’, ‘বিজ্ঞান প্রতিদিন’, ‘বিজ্ঞানের বিচিত্র জগত থেকে’, ‘বিজ্ঞানের মজার প্রজেক্ট’, ‘বিজ্ঞান ও সমাজ’, ‘বিজ্ঞান ও প্রযুক্তির বিকাশের পথে’, ‘পরিবেশ ও বিজ্ঞান’, ‘বিজ্ঞানের দিগন্তে’, ‘বিজ্ঞান আন্দোলন’। আলী আসগর বাংলাদেশ একাডেমি অব সায়েন্সস-এর ফেলো এবং বাংলাদেশ জার্নাল অব ফিজিক্স-এর চিফ এডিটর ছিলেন। আলী আসগরের মৃত্যুতে শোক জানিয়ে বাংলাদেশের কমিউনিস্ট পার্টি (সিপিবি) সভাপতি মুজাহিদুল ইসলাম সেলিম ও সাধারণ সম্পাদক মোহাম্মদ শাহ আলম যৌথ বিবৃতিতে বলেন, অধ্যাপক আলী আসগর এ দেশের প্রগতিশীল আন্দোলনে নানামাত্রিক ভূমিকা পালন করেছেন। দেশপ্রেম, অসাম্প্রদায়িকতা, প্রগতিশীলতার ধারায় শিশু-কিশোরদের গড়ে তুলতে আমৃত্যু তিনি অগ্রণী ভূমিকা পালন করেছেন। এ দেশের বিজ্ঞানচর্চা ও গবেষণায় তার ভূমিকা অগ্রগণ্য। বিজ্ঞানকে সহজবোধ্য ও জনপ্রিয় করে তুলতে তিনি গুরুত্বপূর্ণ ভূমিকা পালন করেছেন। পশ্চাদপদতা, কুসংস্কারচ্ছন্নতা আর প্রতিক্রিয়াশীলতার বিরুদ্ধে তিনি বিজ্ঞান আন্দোলনে নেতৃত্ব দিয়েছেন বলে জানান তারা। এক শোক বার্তায় বাংলা একাডেমির মহাপরিচালক হাবীবুল্লাহ সিরাজী বলেন, বাংলাদেশে বিজ্ঞানসাহিত্য চর্চায় তার অবদান কখনও বিস্মৃত হওয়ার নয়। বিজ্ঞানমনস্ক সমাজ গড়ার আন্দোলনেও তিনি ছিলেন পুরোধা-মানুষ। পাশাপাশি কেন্দ্রীয় খেলাঘর আসর-এর নেতৃত্বদানের মাধ্যমে শিশু-কিশোরদের সৃজনীশক্তির বিকাশে তিনি আমৃত্যু সক্রিয় ছিলেন।", "article_category": "bangladesh"}