{"article_id": "article1781065.bdnews", "article_title": "করোনাভাইরাসে মৃত্যু আড়াই হাজার ছুঁইছুঁই", "article_by": "জ্যেষ্ঠ প্রতিবেদক, বিডিনিউজ টোয়েন্টিফোর ডটকম", "article_published": "16 Jul 2020 02:48 PM BdST", "article_updated": "16 Jul 2020 05:28 PM BdST", "article_leadtext": "দেশে করোনাভাইরাসে প্রথম মৃত্যুর চার মাসের মাথায় সরকারি হিসাবে মৃতের সংখ্যা পৌঁছে গেছে আড়াই হাজারের কাছাকাছি।", "article_text": "দেশে করোনাভাইরাসে প্রথম মৃত্যুর চার মাসের মাথায় সরকারি হিসাবে মৃতের সংখ্যা পৌঁছে গেছে আড়াই হাজারের কাছাকাছি। স্বাস্থ্য অধিদপ্তর জানিয়েছে, বৃহস্পতিবার সকাল ৮টা পর্যন্ত ২৪ ঘণ্টায় এ ভাইরাসে আক্রান্ত আরও ৩৯ জনের মৃত্যু হয়েছে। তাতে এ পর্যন্ত মৃতের সংখ্যা বেড়ে হয়েছে ২ হাজার ৪৯৬ জন। গত এক দিনে আরও ২ হাজার ৭৩৩ জনের মধ্যে করোনাভাইরাসের সংক্রমণ ধরা পড়েছে। দেশে শনাক্ত রোগীর সংখ্যা দাঁড়িয়েছে ১ লাখ ৯৬ হাজার ৩২৩ জনে। আইইডিসিআরের ‘অনুমিত’ হিসাবে বাসা ও হাসপাতালে চিকিৎসাধীন আরও ১ হাজার ৯৪০ জন রোগী সুস্থ হয়ে উঠেছেন গত এক দিনে। তাতে সুস্থ রোগীর মোট সংখ্যা বেড়ে ১ লাখ ৬ হাজার ৯৬৩ জন হয়েছে। স্বাস্থ্য অধিদপ্তরের নিয়মিত বুলেটিনে যুক্ত হয়ে অতিরিক্ত মহাপরিচালক অধ্যাপক নাসিমা সুলতানা বৃহস্পতিবার দেশে করোনাভাইরাস পরিস্থিতির এই সবশেষ তথ্য তুলে ধরেন। বাংলাদেশে করোনাভাইরাসের প্রথম সংক্রমণ ধরা পড়েছিল ৮ মার্চ, তা দেড় লাখ পেরিয়ে যায় গত ২ জুলাই। সেদিন ৪ হাজার ১৯ জন কোভিড-১৯ রোগী শনাক্ত হয়, যা এক দিনের সর্বোচ্চ। আর ১৮ মার্চ বাংলাদেশে করোনাভাইরাসে প্রথম মৃত্যুর খবর নিশ্চিত করে স্বাস্থ্য অধিদপ্তর। ৫ জুলাই তা দুই হাজার ছাড়িয়ে যায়। এর মধ্যে ৩০ জুন এক দিনেই ৬৪ জনের মৃত্যুর খবর জানানো হয়, যা এক দিনের সর্বোচ্চ মৃত্যু। ডা. নাসিমা সুলতানা বলেন, গত এক দিনে যারা মারা গেছেন, তাদের মধ্যে ৩১ জন পুরুষ এবং ৮ জন নারী। হাসপাতালে চিকিৎসাধীন অবস্থায় ৩৫ জনের এবং বাড়িতে থাকা অবস্থায় ৪ জনের মৃত্যু হয়েছে। তাদের মধ্যে ১৮ জন ঢাকা বিভাগের, ৬ জন চট্টগ্রাম বিভাগের, ১ জন রাজশাহী বিভাগের, ২ বরিশাল বিভাগের ৬ জন খুলনা বিভাগের, ৩ জন রংপুর বিভাগের এবং ৩ জন সিলেট বিভাগের বাসিন্দা ছিলেন। এই ৩৯ জনের মধ্যে ১ জনের বয়স ছিল দশ বছরের কম, আর ১ জনের বয়স ৮০ বছরের বেশি। এছাড়া ৪ জনের বয়স ৭১ থেকে ৮০ বছরের মধ্যে, ১৫ জনের বয়স ৬১ থেকে ৭০ বছরের মধ্যে, ১২ জনের বয়স ৫১ থেকে ৬০ বছরের মধ্যে, ৩ জনের বয়স ৪১ থেকে ৫০ বছরের মধ্যে, ২ জনের বয়স ৩১ থেকে ৪০ বছরের মধ্যে এবং ১ জনের বয়স ১১ থেকে ২০ বছরের মধ্যে ছিল। বুলেটিনে জানানো হয়, ঢাকার পপুলার ডায়াগনোস্টিক সেন্টার লিমিটেডে কোভিড-১৯ এর নমুনা পরীক্ষা শুরু হয়েছে। এ নিয়ে মোট ৮০টি ল্যাবে নমুনা পরীক্ষা হচ্ছে। গত এক দিনে মোট ১২ হাজার ৮৮৯টি নমুনা পরীক্ষা হয়েছে; এ পর্যন্ত দেশে পরীক্ষা হয়েছে ৯ লাখ ৯৩ হাজার ২৯১টি নমুনা। পরীক্ষা বিবেচনায় শনাক্তের হার ১৯ দশমিক ৭৬ শতাংশ। আর শনাক্ত বিবেচনায় সুস্থতার হার ৫৪ দশমিক ৪৮ শতাংশ, মৃত্যু হার ১ দশমিক ২৭ শতাংশ।", "article_category": "bangladesh"}