{"article_id": "article1781285.bdnews", "article_title": "ন্যাশনাল কোয়ালিফিকেশন ফ্রেমওয়ার্ক করবে সরকার", "article_by": "জ্যেষ্ঠ প্রতিবেদক, বিডিনিউজ টোয়েন্টিফোর ডটকম", "article_published": "16 Jul 2020 09:03 PM BdST", "article_updated": "16 Jul 2020 09:03 PM BdST", "article_leadtext": "দেশের সব ধারার শিক্ষা ব্যবস্থায় দক্ষতা নিশ্চিত ও যাচাইয়ের জন্য একটি ন্যাশনাল কোয়ালিফিকেশন ফ্রেমওয়ার্ক প্রণয়ন করা হবে শিক্ষামন্ত্রী দীপু মনি জানিয়েছেন।", "article_text": "দেশের সব ধারার শিক্ষা ব্যবস্থায় দক্ষতা নিশ্চিত ও যাচাইয়ের জন্য একটি ন্যাশনাল কোয়ালিফিকেশন ফ্রেমওয়ার্ক প্রণয়ন করা হবে শিক্ষামন্ত্রী দীপু মনি জানিয়েছেন। তিনি বলেন, বাংলাদেশে মাদ্রাসা শিক্ষা, টেকনিক্যাল শিক্ষা, ইংলিশ মিডিয়াম, কওমি ও সাধারণ শিক্ষা ধারাসহ ভিন্ন ভিন্ন ধারার শিক্ষা ব্যবস্থা চালু রয়েছে। “সাধারণ শিক্ষা আবার দুই ধারায় বিভক্ত, ইংলিশ ও বাংলা ভার্সন। শিক্ষার সব ধারাই কিছু আবশ্যিক দক্ষতা অর্জন করতে হয়। কিন্তু অনেক সময় লক্ষ্য করা যাচ্ছে আমাদের শিক্ষা ব্যবস্থায় এই আবশ্যিক দক্ষতা অর্জিত হচ্ছে না। “সরকার আবশ্যিক দক্ষতা উন্নয়ন এবং সব ধারার শিক্ষা ব্যবস্থায় দক্ষতা নিশ্চিত ও যাচাইয়ের জন্য একটি ন্যাশনাল কোয়ালিফিকেশন ফ্রেমওয়ার্ক প্রণয়ন করতে যাচ্ছে। ”বিশ্ব যুব দক্ষতা দিবস উপলক্ষে ড্যাফোডিল পরিবার ও এটুআই’র যৌথ আয়োজনে বৃহস্পতিবার এক ভার্চুয়াল আলোচনা সভায় শিক্ষামন্ত্রী এসব কথা বলেন বলে মন্ত্রণালয়ের এক সংবাদ বিজ্ঞপ্তিতে জানানো হয়েছে। দীপু মনি বলেন, আমরা শিক্ষার্থীর স্বপ্ন ও তার পড়াশোনার মধ্যে যোগসুত্র স্থাপনের জন্য কাজ করছি। আমরা শিক্ষা ব্যবস্থাকে এমনভাবে সাজাচ্ছি যার মাধ্যমে প্রত্যেক শিক্ষার্থী তার জীবন ও জীবিকার স্বপ্ন পূরণে সক্ষম হবে। “আমরা গতানুগতিক শিক্ষার পাশাপাশি টেকনিক্যাল ও ভোকেশনাল শিক্ষার ওপরে খুব জোর দিচ্ছি। সবার জন্য অনার্স, মাস্টার্স আর পিএইচডি ডিগ্রীর প্রয়োজন নেই। ” ড্যাফোডিল পরিবারের প্রধান নির্বাহী কর্মকর্তা মো. নুরুজ্জামানের বঙ্গবন্ধু শেখ মুজিবুর রহমান ডিজিটাল ইউনিভার্সিটির উপাচার্য অধ্যাপক মুনাজ আহমেদ নূর, এটুআই প্রকল্পের ফিউচার অব ওয়ার্ক ল্যাবের প্রধান আসাদ উজ জামান, অ্যাকশন এইড বাংলাদেশের কান্ট্রি ডিরেক্টর ফারাহ কবির প্রমুখ বক্তব্য দেন।", "article_category": "bangladesh"}