{"article_id": "article1781226.bdnews", "article_title": "পোশাককর্মীরাও ঈদে কর্মস্থল ত্যাগ করতে পারবেন না: স্বরাষ্ট্রমন্ত্রী", "article_by": "জ্যেষ্ঠ প্রতিবেদক, বিডিনিউজ টোয়েন্টিফোর ডটকম", "article_published": "16 Jul 2020 06:48 PM BdST", "article_updated": "16 Jul 2020 06:48 PM BdST", "article_leadtext": "করোনাভাইরাস মহামারীর মধ্যে আসন্ন কোরবানির ঈদের ছুটিতে সরকারি কর্মকর্তা-কর্মচারীদের মতো তৈরি পোশাক কারখানার শ্রমিকরাও তাদের কর্মস্থল ত্যাগ করতে পারবেন না বলে স্বরাষ্ট্রমন্ত্রী আসাদুজ্জামান খাঁন কামাল জানিয়েছেন।", "article_text": "করোনাভাইরাস মহামারীর মধ্যে আসন্ন কোরবানির ঈদের ছুটিতে সরকারি কর্মকর্তা-কর্মচারীদের মতো তৈরি পোশাক কারখানার শ্রমিকরাও তাদের কর্মস্থল ত্যাগ করতে পারবেন না বলে স্বরাষ্ট্রমন্ত্রী আসাদুজ্জামান খাঁন কামাল জানিয়েছেন। সরকারি ছুটির সঙ্গে মিল রেখে তাদের জন্যও কোরবানির ঈদের ছুটি তিন দিন থাকছে বলে জানিয়েছেন তিনি। বৃহস্পতিবার দুপুরে সচিবালয়ে স্বরাষ্ট্র মন্ত্রণালয়ের সম্মেলন কক্ষে ঈদ-উল-আযহা উপলক্ষে তৈরি পোশাক শিল্প খাতে শ্রমিকদের বেতন, বোনাস ও ছুটি প্রদানসহ শিল্প এলাকায় সার্বিক আইনশৃঙ্খলা পরিস্থিতি সম্পর্কিত সভা শেষে সাংবাদিকদের একথা বলেন স্বরাষ্ট্রমন্ত্রী। তিনি বলেন, “আসন্ন ঈদের ছুটি তিন দিনই থাকছে। এই ছুটি বাড়ানো হবে না। ছুটিকালীন সময়ে কোনো সরকারি কর্মকর্তা-কর্মচারী কর্মস্থল ত্যাগ করতে পারবেন না। “এ ছুটিকালীন তিন দিন পোশাক কারখানার শ্রমিকরাও তাদের কর্মস্থল ত্যাগ করতে পারবেন না। ”এরপর বাংলাদেশে করোনাভাইরাস সংক্রমণ ছড়িয়ে পড়ে, যাতে এরইমধ্যে প্রায় দুই লাখ মানুষ আক্রান্ত হয়েছেন। দেশজুড়ে টানা দুই মাসের মতো লকডাউন বাস্তবায়নের পরেও করোনাভাইরাস সংক্রমণ নিয়ন্ত্রণে আনতে না পারার জন্য তৈরি পোশাক কারখানার শ্রমিকদের ওইভাবে শহরমুখী করা এবং পরে আবার গ্রামে ফেরত পাঠানোর দায় রয়েছে বলে বিশেষজ্ঞদের অনেকে মনে করেন। স্বরাষ্ট্রমন্ত্রী বলেন, তৈরি পোশাক কারখানার শ্রমিকদের ইতোমধ্যে জুন মাসের বেতন দেওয়া হয়ে গেছে। জুলাই মাসের বেতন, বোনাসের বিষয়ে বিজিএমইএ এর সঙ্গে বৈঠকে করে শ্রম মন্ত্রণালয় সিদ্ধান্ত নেবে। এ বিষয়ে জানতে চাইলে শ্রম মন্ত্রণালয়ের জনসংযোগ কর্মকর্তা মো. আকতারুল ইসলাম বলেন, রোববার প্রতিমন্ত্রীর সঙ্গে বিজিএমইএ ও শ্রমিক প্রতিনিধিদের বৈঠক হওয়ার কথা রয়েছে।", "article_category": "bangladesh"}