{"article_id": "article1775975.bdnews", "article_title": "আইসিসির অন্তর্বর্তীকালীন চেয়ারম্যান ইমরান খাজা", "article_by": "স্পোর্টস ডেস্ক  বিডিনিউজ টোয়েন্টিফোর ডটকম", "article_published": "01 Jul 2020 08:09 PM BdST", "article_updated": "02 Jul 2020 05:04 PM BdST", "article_leadtext": "মেয়াদ শেষে আইসিসির চেয়ারম্যানের পদ থেকে সরে দাঁড়িয়েছেন শশাঙ্ক মনোহর। নতুন চেয়ারম্যান নিয়োগের আগ পর্যন্ত অন্তর্বর্তীকালীন দায়িত্ব পালন করবেন সংস্থাটির ডেপুটি চেয়ারম্যান ইমরান খাজা।", "article_text": "মেয়াদ শেষে আইসিসির চেয়ারম্যানের পদ থেকে সরে দাঁড়িয়েছেন শশাঙ্ক মনোহর। নতুন চেয়ারম্যান নিয়োগের আগ পর্যন্ত অন্তর্বর্তীকালীন দায়িত্ব পালন করবেন সংস্থাটির ডেপুটি চেয়ারম্যান ইমরান খাজা। বুধবারের বোর্ড মিটিংয়ে এই সিদ্ধান্ত নেওয়া হয়েছে বলে বিবৃতিতে জানিয়েছে আইসিসি। ধারণা করা হচ্ছে, নতুন চেয়ারম্যান নির্বাচনের প্রক্রিয়া আগামী সপ্তাহের মধ্যে আইসিসির বোর্ড কর্তৃক অনুমোদিত হবে। মনোহরের দায়িত্বের মেয়াদ শেষ হয়েছে মঙ্গলবার। ২০১৬ সালের মে মাসে বিনা প্রতিদ্বন্দ্বিতায় আইসিসির প্রথম স্বাধীন চেয়ারম্যান নির্বাচিত হয়েছিলেন খ্যাতিমান এই ভারতীয় আইনজীবী। প্রথমে দুই বছরের জন্য দায়িত্ব নিলেও ১০ মাস পূর্ণ হওয়ার আগেই তিনি পদত্যাগ করেছিলেন ব্যক্তিগত কারণ দেখিয়ে। পরে বোর্ডের অনুরোধে সাময়িকভাবে দায়িত্ব চালিয়ে যেতে রাজি হন। শেষ পর্যন্ত মত বদলে পুরোপুরিই থেকে যান দায়িত্বে। ২০১৮ সালে টানা দ্বিতীয় মেয়াদে বিনা প্রতিদ্বন্দ্বিতায় দুই বছরের জন্য আইসিসির স্বাধীন চেয়ারম্যান নির্বাচিত হন মনোহর। তবে এবারের মেয়াদ শেষে আর দায়িত্বে থাকবেন না, আগেই জানিয়ে দেন তিনি। আইসিসির প্রধান নির্বাহী মানু সাহনি বোর্ড ও ক্রিকেট পরিবারের পক্ষ থেকে মনোহরকে ধন্যবাদ জানিয়েছেন।", "article_category": "cricket"}