{"article_id": "article1779316.bdnews", "article_title": "বাতিল ট্রেনের টিকিটের দাম ফেরত দেবে রেলওয়ে", "article_by": "জ্যেষ্ঠ প্রতিবেদক, বিডিনিউজ টোয়েন্টিফোর ডটকম", "article_published": "11 Jul 2020 02:04 PM BdST", "article_updated": "11 Jul 2020 02:04 PM BdST", "article_leadtext": "করোনাভাইরাস মহামারীতে গত ২৪ মার্চ সন্ধ্যা থেকে ৩১ মার্চ পর্যন্ত যাত্রা বাতিল হওয়া ট্রেন যাত্রীদের টিকিটের দাম ফেরত দেবে রেলওয়ে।", "article_text": "করোনাভাইরাস মহামারীতে গত ২৪ মার্চ সন্ধ্যা থেকে ৩১ মার্চ পর্যন্ত যাত্রা বাতিল হওয়া ট্রেন যাত্রীদের টিকিটের দাম ফেরত দেবে রেলওয়ে। রেলপথ মন্ত্রণালয়ের জনসংযোগ কর্মকর্তা শরীফুল আলম বিডিনিউজ টোয়েন্টিফোর ডটকমকে জানান, শুক্রবার বিক্রি হওয়া টিকিটের টাকা ফেরত দেওয়া সংক্রান্ত পূর্ব রেল একটি বিজ্ঞপ্তি প্রকাশ করেছে। বিজ্ঞপ্তিতে বলা হয়েছে, টিকিটের টাকা ফেরত চেয়ে নিজ নিজ স্টেশন মাস্টারের মাধ্যমে সিসিএম পূর্ব/চট্টগ্রাম বরাবর আবেদন করতে হবে। প্রমাণ হিসেবে টিকিটের মূলকপি, অনলাইনে টিকিট কিনে থাকলে প্রিন্টেড কপির সঙ্গে এনআইডির সত্যায়িত কপি জমা দিতে হবে। ১০ জুলাই থেকে আগামী ১৭ জুলাই পর্যন্ত সকাল ৮টা থেকে বিকাল ৩টা পর্যন্ত এই আবেদন করা যাবে। গত ৩১ মার্চ পর্যন্ত অগ্রিম টিকিট বিক্রি হলেও করোনাভাইরাস সংক্রমণের কারণে ২৪ মার্চ সন্ধ্যা থেকে বন্ধ হয়ে যায় যাত্রীবাহী ট্রেন চলাচল। করোনাভাইরাসের বিস্তার রোধে দুই মাসের বেশি সময় দেশে সাধারণ ছুটির পর গত ৩১ মে থেকে আট জোড়া এবং ৩ জুন আরও ১১ জোড়া যাত্রীবাহী ট্রেন নামানো হয়। ১৭ দিনের মাথায় যাত্রী সংকটে দুটি রুটে ট্রেন সাময়িক স্থগিত করে রেল কর্তৃপক্ষ।", "article_category": "bangladesh"}