{"article_id": "article1779351.bdnews", "article_title": "ঢাকার বনানীতে সড়ক দুর্ঘটনায় একজন নিহত", "article_by": "জ্যেষ্ঠ প্রতিবেদক  বিডিনিউজ টোয়েন্টিফোর ডটকম", "article_published": "11 Jul 2020 04:16 PM BdST", "article_updated": "11 Jul 2020 04:16 PM BdST", "article_leadtext": "ঢাকার বনানীতে সড়কে গাড়ির ধাক্কায় প্রাণ হারিয়েছেন এক ব্যক্তি।", "article_text": "ঢাকার বনানীতে সড়কে গাড়ির ধাক্কায় প্রাণ হারিয়েছেন এক ব্যক্তি। শনিবার সকাল সাড়ে ১১টার দিকে সেতু ভবনের সামনে এই সড়ক দূর্ঘটনা ঘটে বলে পুলিশ জানিয়েছে। নিহত আবুল হোসেন (৫৫) একটি বেসরকারি প্রতিষ্ঠানের স্টোর কিপার পদে ছিলেন। ঝালকাঠীর আবুল হোসেন রাজধানীর উত্তরা এলাকায় থাকতেন। তাকে ঢাকা মেডিকেল কলেজ হাসপাতালে নেওয়া হলে কর্তব্যরত চিকিৎসক মৃত ঘোষণা করেন। আবুল হোসেনের সহকর্মী শিপু বিডিনিউজ টোয়েন্টিফোর ডটকমকে বলেন, “আবুল হোসেন রাস্তা পার হচ্ছিলেন। এসময় একটি গাড়ির ধাক্কায় তিনি ছিটকে পড়ে গুরুতর আহত হন। তখন প্রত্যক্ষদর্শীরা তাকে হাসপাতালে নিয়ে যায়। ”বনানী থানার পরিদর্শক (তদন্ত) সোহেল রানা বিডিনিউজ টোয়েন্টিফোর ডটকমকে বলেন, খবরপেয়ে পুলিশ ঘটনাস্থলে গেলেও গাড়িটি শনাক্ত করতে পারেনি। “কোন ধরনের গাড়িতে এই দূর্ঘটনা ঘটেছে, তা কেউ বলতে পারছে না। তবে আমরা খোঁজ করছি। ”", "article_category": "bangladesh"}