{"article_id": "article1780484.bdnews", "article_title": "৫০০ মেগাওয়াট নবায়নযোগ্য বিদ্যুৎ উৎপাদনে চীনের সঙ্গে মিলে নতুন কোম্পানি", "article_by": "জ্যেষ্ঠ প্রতিবেদক, বিডিনিউজ টোয়েন্টিফোর ডটকম", "article_published": "14 Jul 2020 07:26 PM BdST", "article_updated": "14 Jul 2020 08:43 PM BdST", "article_leadtext": "দেশের বিভিন্নস্থানে নবায়নযোগ্য জ্বালানিভিত্তিক মোট ৫০০ মেগাওয়াট ক্ষমতার বিদ্যুৎ কেন্দ্র গড়ে তুলতে চীনের সঙ্গে জোট বেঁধেছে বাংলাদেশ।", "article_text": "দেশের বিভিন্নস্থানে নবায়নযোগ্য জ্বালানিভিত্তিক মোট ৫০০ মেগাওয়াট ক্ষমতার বিদ্যুৎ কেন্দ্র গড়ে তুলতে চীনের সঙ্গে জোট বেঁধেছে বাংলাদেশ। বাংলাদেশের রাষ্ট্রায়ত্ত প্রতিষ্ঠান নর্থ ওয়েস্ট পাওয়ার জেনারেশন কোম্পানি (এনডব্লিউপিজিসিএল) এবং চীনা কোম্পানি চায়না ন্যাশনাল মেশিনারি ইমপোর্ট অ্যান্ড এক্সপোর্ট কর্পোরেশন (সিএমসি) আধাআধি মালিকানায় ‘বাংলাদেশ-চায়না পাওয়ার কোম্পানি (প্রাইভেট) লিমিটেড (রিনিউয়েবল)’ নামে একটি যৌথ মূলধনী কোম্পানি গঠনের লক্ষে  চুক্তি (জেভিএ) করেছে। মঙ্গলবার এলডব্লিউপিজিসিএল-এর সভাকক্ষে এ বিষয়ে দুই কোম্পানির মধ্যে একটি চুক্তি স্বাক্ষরিত হয় বলে এক সংবাদ বিজ্ঞপ্তিতে জানিয়েছে বিদ্যুৎ ও জ্বালানি মন্ত্রণালয়। এনডব্লিউপিজিসিএল ও সিএমসির যৌথ মালিকানায় ২০১৪ সালে গঠিত ‘বাংলাদেশ-চায়না পাওয়ার কোম্পানি লিমিটেড’ কয়লা ও বায়ুভিত্তিক প্রায় ২৭০০ মেগাওয়াটা ক্ষমতার একাধিক বিদ্যুৎকেন্দ্র নির্মাণের কাজ করছে। এখন কেবল নবায়নযোগ্য জ্বালানির বিদ্যুৎ কেন্দ্র নির্মাণে নতুন এই কোম্পানি গঠনের চুক্তি হল। নতুন এই কোম্পানি সৌর ও বায়ুসহ নবায়নযোগ্য জ্বালানিভিত্তিক ৫০০ মেগাওয়াট ক্ষমতার বিদ্যুৎ কেন্দ্র গড়ে তুলবে দেশের বিভিন্নস্থানে। বিদ্যুৎ সচিব সুলতান আহমেদের সভাপতিত্বে এ অনুষ্ঠানে পিডিবির চেয়ারম্যান মো. বেলায়েত হোসেন, এনডব্লিওপিজিসিএল এর ব্যবস্থাপনা পরিচালক এ এম খোরশেদুল আলম এবং সিএমসি চেয়ারম্যান রাউন গুয়াংবক্তব্য দেন। বর্তমানে দেশে উৎপাদিত বিদ্যুতের বেশিরভাগটাই আসে গ্যাস ও তেলভিত্তিক কেন্দ্রগুলো থেকে। দেশের ১৩৮টি বিদ্যুৎ কেন্দ্রের উৎপাদন ক্ষমতা (ক্যাপটিভ বাদে) ২০ হাজার ৩৮৩ মেগাওয়াট। এর মধ্যে নবায়নযোগ্য জ্বালানি থেকে বিদ্যুৎ উৎপাদন ক্ষমতা ৬৩৮ মেগাওয়াট। বিদ্যুৎ খাত নিয়ে সরকারের মহাপরিকল্পনায় ২০৪১ সালে দেশের উৎপাদন ক্ষমতা ৬০ হাজার মেগাওয়াটে উন্নীত করার লক্ষ্যের কথা বলা হয়েছে। জ্বালানি বৈচিত্রের কথা উল্লেখ করে সেখানে বলা হয়েছে, এই বিদ্যুতের অন্তত ১০ শতাংশ নবায়নযোগ্য জ্বালানি থেকে আসবে। বর্তমানে ২৩টি প্রকল্পের আওতায় নবায়নযোগ্য জ্বালানি থেকে ১ হাজার ২২০ মেগাওয়াট বিদ্যুৎ উৎপাদনের কাজ চলছে বলে জানান তিনি। নবায়নযোগ্য জ্বালানিভিত্তিক বিদ্যুৎকেন্দ্র গড়ে তোলার জন্য এনডব্লিউপিজিসিএল ও সিএমসির মধ্যে ২০১৯ সালের ২৭ অগাস্ট একটি সমঝোতা স্মারক স্বাক্ষরিত হয়। গত ৮ জুন এই জয়েন্ট ভেঞ্চার কোম্পানি গঠনের প্রস্তাব মন্ত্রিসভার বৈঠকে অনুমোদন পায়। নতুন এই কোম্পানির পরিশোধিত মূলধন হবে এক হাজার কোটি টাকা। আর ১৬ কোটি টাকা অনুমোদিত মূলধন নিয়ে এ কোম্পানি যাত্রা শুরু করবে। ২০১৪ সালের অক্টোবরে গঠিত বাংলাদেশ-চায়না পাওয়ার কোম্পানি পটুয়াখালীর পায়রায় ১৩২০ মেগাওয়াট ক্ষমতার কয়লাভিত্তিক একটি বিদ্যুৎকেন্দ্রের প্রথম ইউনিটের কাজ ইতোমধ্যে শেষ করেছে। দ্বিতীয় ইউনিটের কাজও শেষের দিকে। আর নতুন কোম্পানি বাংলাদেশ-চায়না পাওয়ার কোম্পানি (প্রা.) লিমিটেড (রিনিউয়েবল) যেসব স্থানে সৌর ও বায়ু বিদ্যুৎকেন্দ্র নির্মাণের পরিকল্পনা করছে তার চারটির বিষয়ে প্রাথমিক রূপরেখা তৈরি হয়েছে। # পাবনায় ৬০ মেগাওয়াট সোলার পাওয়ার প্ল্যান্ট প্রকল্পের জন্য ইতোমধ্যে ২০৫ একর অকৃষি খাসজমি দীর্ঘমেয়াদী বন্দোবস্ত নেওয়া হয়েছে। বর্তমানে প্রকল্প এলাকা ঘিরে নিরাপত্তা বেস্টনী নির্মাণের কাজ চলছে। ২০২১ সালের ডিসেম্বরে এ বিদ্যুৎকেন্দ্রকে উৎপাদনে নেওয়ার লক্ষ্য ঠিক করা হয়েছে। # সিরাজগঞ্জে ১০০ মেগাওয়াট ক্ষমতার সোলার পাওয়ার প্ল্যান্ট প্রকল্পের সম্ভ্যবতা যাচাই শেষ হয়েছে, ২১৪ একর জমি ইজারা নেওয়ার প্রক্রিয়া চলছে। প্রকল্প এলাকার জমি বা জীব-বৈচিত্র্যের যাতে ক্ষতি না হয়, সেজন্য পানির ওপর পাইলের মাধ্যমে প্যানেল স্থাপনের পরিকল্পনা করা হয়েছে। ২০২২ সালের জুনে এ প্রকল্প থেকে উৎপাদন শুরুর লক্ষমাত্রা নির্ধারণ করা হয়েছে। # যমুনা ১২৫ মেগাওয়াট সোলার পাওয়ার প্ল্যান্টের জন্য পাবনার বেড়া উপজালায় ৪৪৩ একর অকৃষি খাস জমি দীর্ঘমেয়াদী বন্দোবস্ত নেওয়ার প্রক্রিয়া চলছে। উৎপাদন শুরুর লক্ষমাত্রা ধরা হয়েছে ২০২২ সালের ডিসেম্বর। # পায়রায় ৫০ মেগাওয়াট ক্ষমতার উইন্ড পাওয়ার প্ল্যান্ট প্রকল্পের সম্ভাব্যতা যাচাই শেষ হয়েছে। উৎপাদন শুরুর লক্ষমাত্রা ২০২৩ সালের ডিসেম্বর। এছাড়া দেশের অন্যান্য স্থানে আরও ১৬৫ মেগাওয়াট সৌর ও বায়ুভিত্তিক বিদ্যুৎ কেন্দ্র নির্মাণের জন্য স্থান নির্ধারণের কাজ চলছে বলে সংবাদ বিজ্ঞপ্তিতে জানানো হয়েছে।", "article_category": "business"}