{"article_id": "article1775327.bdnews", "article_title": "ফাইনাল পাতানোর অভিযোগে শ্রীলঙ্কায় তদন্ত শুরু", "article_by": "স্পোর্টস ডেস্ক, বিডিনিউজ টোয়েন্টিফোর ডটকম", "article_published": "30 Jun 2020 12:08 AM BdST", "article_updated": "30 Jun 2020 12:08 AM BdST", "article_leadtext": "২০১১ ক্রিকেট বিশ্বকাপ ফাইনাল পাতানো ছিল কী না, এ নিয়ে তদন্ত শুরু করেছে শ্রীলঙ্কা সরকার।", "article_text": "২০১১ ক্রিকেট বিশ্বকাপ ফাইনাল পাতানো ছিল কী না, এ নিয়ে তদন্ত শুরু করেছে শ্রীলঙ্কা সরকার। লঙ্কান পুলিশের ইন্ডিপেনডেন্ট স্পেশাল ইনভেস্টিগেশন ইউনিট নয় বছর আগের ভারত ও শ্রীলঙ্কার ফাইনালটি নিয়ে তদন্ত করছে। এই মাসের শুরুতে দেশটির সাবেক ক্রীড়ামন্ত্রী মহিন্দানন্দ আলুথগামাগে অভিযোগ তোলেন, ভারতকে ম্যাচটি ছেড়ে দিয়েছিল শ্রীলঙ্কা। এর সঙ্গে নাকি জড়িত ছিলেন বেশ কয়েকজন ক্রিকেটার। এর আগে ম্যাচটি নিয়ে সন্দেহ প্রকাশ করেছিলেন দ্বীপ দেশটির ১৯৯৬ বিশ্বকাপজয়ী দলের অধিনায়ক অর্জুনা রানাতুঙ্গা। তদন্তের আহ্বান জানিয়েছিলেন তিনিও। স্থানীয় গণমাধ্যমের খবরে বলা হয়েছে, শ্রীলঙ্কার সাবেক অধিনায়ক ও সেই সময়ের প্রধান নির্বাচক অরবিন্দ ডি সিলভাকে মঙ্গলবার তদন্ত কর্মকর্তাদের সঙ্গে সাক্ষাতের জন্য ডাকা হয়েছে। দুর্দান্তভাবে শুরু করার পর মুম্বাইয়ের ওয়াংখেড়ে স্টেডিয়ামে ম্যাচটি ছয় উইকেটে হারে শ্রীলঙ্কা। প্রথমে ব্যাট করে ২৭৪ রান করে তারা। ১০ বল বাকি থাকতে ৬ উইকেটের জয় তুলে নেয় ভারত। ঘরে তোলে বিশ্বকাপে নিজেদের দ্বিতীয় শিরোপা। আলুথগামাগে ম্যাচ পাতানোর অভিযোগ তোলার পর দ্রুত প্রতিক্রিয়া জানান মাহেলা জয়াবর্ধনে ও দলকে সেই ম্যাচে নেতৃত্ব দেওয়া সাঙ্গাকারা। জয়াবর্ধনে প্রমাণ দিতে বলেন আলুথগামাগেকে। সাঙ্গাকারা উড়িয়ে দেন অভিযোগ।", "article_category": "cricket"}