{"article_id": "article1776177.bdnews", "article_title": "শশাঙ্ক মনোহরকে ধুয়ে দিলেন শ্রীনিবাসন", "article_by": "স্পোর্টস ডেস্ক, বিডিনিউজ টোয়েন্টিফোর ডটকম", "article_published": "02 Jul 2020 01:38 PM BdST", "article_updated": "02 Jul 2020 01:38 PM BdST", "article_leadtext": "এন শ্রীনিবাসন যেন কেবল এই সময়টির অপেক্ষাতেই ছিলেন। শশাঙ্ক মনোহর আইসিসি চেয়ারম্যানের দায়িত্ব ছাড়ার পরই তাকে ঝাঁঝালো ভাষায় আক্রমণ করলেন শ্রীনিবাসন। আইসিসির সাবেক এই চেয়ারম্যানের মতে, মনোহর একজন ভারত-বিরোধী এবং ভারতীয় ক্রিকেটের বিশাল ক্ষতি করেছেন।", "article_text": "এন শ্রীনিবাসন যেন কেবল এই সময়টির অপেক্ষাতেই ছিলেন। শশাঙ্ক মনোহর আইসিসি চেয়ারম্যানের দায়িত্ব ছাড়ার পরই তাকে ঝাঁঝালো ভাষায় আক্রমণ করলেন শ্রীনিবাসন। আইসিসির সাবেক এই চেয়ারম্যানের মতে, মনোহর একজন ভারত-বিরোধী এবং ভারতীয় ক্রিকেটের বিশাল ক্ষতি করেছেন। আইসিসি বুধবার সংবাদ বিজ্ঞপ্তিতে জানায়, সাড়ে চার বছর দায়িত্ব পালনের পর চেয়ারম্যানের পদ থেকে সরে দাঁড়িয়েছেন মনোহর। এর পরপরই টাইমস অব ইন্ডিয়াকে সাবেক চেয়ারম্যান শ্রীনিবাসন বলেছেন, বাস্তবতা বুঝেই মনোহর পালিয়ে গেছেন। “ বিসিসিআইয়ে নতৃন নেতৃত্ব (সৌরভ গাঙ্গুলির নেতৃত্বে বর্তমান বোর্ড) আসার পরই শশাঙ্ক বুঝে গেছে, সে আর ভারতের প্রতিনিধিত্ব করার সুযোগ পাবে না। এই সুযোগই সে কাজে লাগিয়েছে। সে জানত যে তার দায়িত্ব চালিয়ে যাওয়ার উপায় নেই, এজন্যই ভেগে গেছে। ”২০১৪ সালের জুনে আইসিসি চেয়ারম্যানের দায়িত্ব নিয়েছিলেন শ্রীনিবাসন। ২০১৫ সালের নভেম্বরে নাটকীয় এক পালাবদলে তাকে সরানোর পর দায়িত্ব পান মনোহর। মনোহরের প্রতি শ্রীনিবাসনের প্রবল ক্ষোভ স্পষ্ট হয়ে ফুটে উঠছে কথাতেই। তার মতে, মনোহর কখনোই ভারতের স্বার্থ দেখেননি। “ আমার ব্যক্তিগত মত হলো, শশাঙ্ক ভারতীয় ক্রিকেটের এতটাই ক্ষতি করেছে যে তার বিদায়ে ভারতের ক্রিকেট সংশ্লিষ্ট প্রতিটি ব্যক্তি দারুণ খুশি হবে। আর্থিকভাবে ভারতীয় ক্রিকেটের ক্ষতি করেছে সে, আইসিসি ভারতের সুযোগের বড় ক্ষতি করেছে সে। সে চূড়ান্ত ভারত বিরোধী এবং বিশ্ব ক্রিকেটে ভারতের গুরুত্ব কমিয়ে দিয়েছে। ”“ সে এখন পালিয়ে যাচ্ছে, কারণ সে জানে, ভারতীয় বোর্ডের এখনকার নেতৃত্বের কাছ থেকে কোনো সম্মান সে পাবে না। সে বিশাল ক্ষতি করেছে ভারতের। ”বিশ্ব ক্রিকেটে ভারতের গুরুত্ব কমানো নিয়ে মনোহরের প্রতি শ্রীনিবাসনের যে ক্ষোভ, সেই একই কারণে মনোহরের প্রতি ক্রিকেট বিশ্বের শ্রদ্ধা ও কৃতজ্ঞতা ফুটে উঠেছে নানা সময়ে। শ্রীনিবাসন আইসিসির দায়িত্ব নেওয়ার পর মূলত তার ভাবনা ও উদ্যোগ থেকেই জন্ম হয়েছিল ‘বিগ থ্রি’ ধারণার। যেটি নিয়ে সে সময় আলোচনা-সমালোচনা হয়েছিল তুমুল। ভারতের সঙ্গে ইংল্যান্ড ও অস্ট্রেলিয়ার বোর্ড মিলে বিশ্ব ক্রিকেটে ছড়ি ঘোরানোর পরিকল্পনা করা হয়েছিল। আইসিসির রাজস্বের একটা বড় অংশ এই তিন বোর্ড মিলে ভাগাভাগি করে নেওয়ার ছক করা হয়েছিল। আর্থিক দাপটের পাশাপাশি বিশ্ব ক্রিকেটের সার্বিক কতৃত্বও থাকত তাদের হাতে। অন্য দেশের বোর্ডগুলো ছিল অস্তিত্বের সঙ্কটে। সব সমালোচনা উপেক্ষা করে শ্রীনিবাসন তার ভাবনা কার্যকর করেছিলেন। তবে সেটি দীর্ঘায়িত হয়নি মনোহরের কারণে। দৃশ্যপটে মনোহরের আবির্ভাবে ভেস্তে যায় ‘বিগ থ্রি। ’শ্রীনিবাসনকে ঘিরে বিতর্ক আছে আরও। আইপিএলে ম্যাচ ফিক্সিংয়ের অভিযোগ ছিল তার বিরুদ্ধে। জুয়াড়িদের সঙ্গে যোগাযোগের কারণে তার জামাতাকে নিষিদ্ধ করা হয়েছে, তার মালিকানাধীন ফ্র্যাঞ্চাইজি চেন্নাই সুপার কিংসও নিষিদ্ধ ছিল আইপিএলে। ফিক্সিংয়ের অভিযোগ ওঠার পরই ভারতের সুপ্রীম কোর্টের আদেশে ২০১৪ সালে ভারতীয় বোর্ডের সভাপতির পদ থেকে সরে দাঁড়াতে হয় শ্রীনিবাসনকে। ক্রিকেটের বাইরেও এই শিল্পপতির বিরুদ্ধে নানা সময়ে অভিযোগ উঠেছে দুর্নীতির। মনোহর ভারতীয় হয়েও বিশ্ব ক্রিকেটে ভারতের একচ্ছত্র আধিপত্য কমাতে কাজ করেছেন। ভারতের ক্রিকেট কর্তাদের সঙ্গে তার মনোমালিন্য তাই লেগেই ছিল। শ্রীনিবাসন যেমন মনোহরকে বলছেন কুচক্রী। “ তার বিদায় ভারতীয় ক্রিকেটের জন্য স্বস্তির। শশাঙ্ক কখনোই লড়াইয়ে টিকে থাকার লোক নয়। ২০১৫ সালে সে ভারতীয় বোর্ড ছেড়েছে চরম দুর্যোগের সময়। এখন মহামারীর মধ্যে আইসিসি ছেড়ে পালাচ্ছে। ব্যক্তিগতভাবে আমি খুশি যে এমন লোক আর আইসিসিতে নেই। ”মনোহরের পরিবর্তে আপাতত আইসিসি চেয়ারম্যানের দায়িত্ব পালন করবেন ডেপুটি চেয়ারম্যান ইমরান খাজা। পরে নির্বাচনের মাধ্যমে ঠিক করা হবে নতুন চেয়ারম্যান। সেখানে জোরেসোরে শোনা যাচ্ছেন সাবেক ভারতীয় অধিনায়ক ও ভারতীয় বোর্ডের বর্তমান প্রধান সৌরভ গাঙ্গুলির নাম।", "article_category": "cricket"}