{"article_id": "article1780198.bdnews", "article_title": "দুবাইয়ে নারী পাচার: আজম খানের স্বীকারোক্তিমূলক জবানবন্দি", "article_by": "আদালত প্রতিবেদক  বিডিনিউজ টোয়েন্টিফোর ডটকম", "article_published": "13 Jul 2020 09:19 PM BdST", "article_updated": "13 Jul 2020 09:19 PM BdST", "article_leadtext": "চাকরির নামে দেশের হাজারের বেশি তরুণী-কিশোরীকে দুবাইয়ে পাচার করে তাদের দেহ ব্যবসায় জড়াতে বাধ্য করার দায় স্বীকার করেছেন গ্রেপ্তার আজম খান।", "article_text": "চাকরির নামে দেশের হাজারের বেশি তরুণী-কিশোরীকে দুবাইয়ে পাচার করে তাদের দেহ ব্যবসায় জড়াতে বাধ্য করার দায় স্বীকার করেছেন গ্রেপ্তার আজম খান। সোমবার ঢাকার মুখ্য মহানগর হাকিম আদালতে তার সঙ্গে স্বীকারোক্তিমূলক জবানবন্দি দিয়েছেন সহযোগী আল আমিন ওরফে ডায়মন্ডও। লালবাগ থানার মানবপাচার আইনে করা মামলায় ঘটনার দায় স্বীকার করে তারা জবানবন্দি দিতে সম্মত হলে তাদের আদালতে নেওয়া হয় বলে সিআইডি জানিয়েছে। ১৬৪ ধারায় দুজনের জবানবন্দি নেওয়ার পর মহানগর হাকিম শাহিনুর রহমান তাদের কারাগারে পাঠানোর আদেশ দেন। দুবাইতে পাচারকারী চক্রের হোতা হিসেবে আজমকে চিহ্নিত করেছেন সিআইডি কর্মকর্তারা। তারা বলছেন, আজম খান সেখানে ফরচুন পার্ল হোটেল অ্যান্ড ড্যান্স ক্লাব, হোটেল রয়েল ফরচুন, হোটেল ফরচুন গ্রান্ড ও হোটেল সিটি টাওয়ারের অন্যতম মালিক। এর মধ্যে তিনটি হচ্ছে ফোর স্টার, একটি থ্রি স্টার মানের। আজম খান দেশে অর্ধশত দালালের মাধ্যমে কিশোরী অথবা ২০-২২ বছরের মেয়েদের উচ্চ বেতনে কাজ দেওয়ার কথা বলে প্রলুব্ধ করে দুবাই নিত বলে অভিযোগ। সেখানে নেওয়ার পর তাদের দেহ ব্যবসায় বাধ্য করা হত। অন্যদিকে মামলার আরেক আসামি আনোয়ার হোসেন ময়নাকে আদালতে হাজির করে মামলার তদন্ত শেষ না হওয়া পর্যন্ত কারাগারে আটক রাখার আবেদন করে সিআইডি। তখন তাকেও কারাগারে পাঠানোর আদেশ দেন হাকিম।", "article_category": "bangladesh"}