{"article_id": "article1780170.bdnews", "article_title": "লাজ ফার্মার কাকরাইল ফ্রাঞ্চাইজিকে ২৯ লাখ টাকা জরিমানা", "article_by": "জ্যেষ্ঠ প্রতিবেদক, বিডিনিউজ টোয়েন্টিফোর ডটকম", "article_published": "13 Jul 2020 07:59 PM BdST", "article_updated": "13 Jul 2020 11:31 PM BdST", "article_leadtext": "অনুমোদনহীন ও মেয়াদোত্তীর্ণ ওষুধ রাখার অপরাধে লাজ ফার্মার ঢাকার কাকরাইল ফ্রাঞ্চাইজিকে ২৯ লাখ টাকা জরিমানা করেছে র‌্যাবের ভ্রাম্যমাণ আদালত।", "article_text": "অনুমোদনহীন ও মেয়াদোত্তীর্ণ ওষুধ রাখার অপরাধে লাজ ফার্মার ঢাকার কাকরাইল ফ্রাঞ্চাইজিকে ২৯ লাখ টাকা জরিমানা করেছে র‌্যাবের ভ্রাম্যমাণ আদালত। সোমবার বিকালে র‌্যাব-৩ এর ভ্রাম্যমাণ আদালত ও জাতীয় নিরাপত্তা গোয়েন্দা সংস্থা (এনএসআই) যৌথভাবে ওষুধের দোকানটিতে অভিযান চালায়। র‌্যাব-৩ এর নির্বাহী ম্যাজিস্ট্রেট পলাশ কুমার বসু বিডিনিউজ টোয়েন্টিফোর ডটকমকে বলেন, দোকান থেকে প্রায় ৮০ ধরনের অনুমোদনহীন বিদেশি ওষুধ এবং ২০ ধরনের মেয়াদোত্তীর্ণ ওষুধ পাওয়া যায়। অনুমোদনহীন ও মেয়াদোত্তীর্ণ ওষুধ জব্দ করা হয়েছে জানিয়ে পলাশ বসু বলেন, “এসব ওষুধের অনুমানিক মূল্য ৩০ থেকে ৩৫ লাখ টাকা। এ ঘটনায় ওই দোকান থেকে সাতজনকে আটকের কথা জানিয়ে তিনি বলেন, “তাদের পাঁচজনকে পাঁচ লাখ টাকা করে মোট ২৫ লাখ টাকা এবং দুইজনকে দুই লাখ করে চার লাখ টাকা জরিমানা করা হয়েছে। অনাদায়ে তিন মাসে কারাদণ্ড দেওয়া হয়েছে। ”এনএসআই কর্মকর্তারা জানান, তাদের নগর অভ্যন্তরীণ অপারেশন শাখার সার্ভিলেন্সের কারণে কাকরাইল লাজ ফার্মার অনেক দিন ধরে অনুমোদনহীন ওষুধ বিক্রির বিষয়টি নজরে আসে। এরই ধারাবাহিকতায় এনএসআই ও র‌্যাব যৌথ অভিযান চালায়। “আর অনুমোদনহীন যেসব ওষুধের কথা বলা হয়েছে, সেগুলো কিছু জীবন রক্ষাকারী ওষুধ রাখতে হয়। কেউ বিদেশ থেকে চিকিৎসা করিয়ে আসার পর তার দরকার হয়, আবার অনেক চিকিৎসক এসব ওষুধ লিখে থাকেন। এগুলো আমরা বৈধভাবে আমদানি করা কোম্পানির কাছ থেকে কাগজপত্র দেখে কিনে থাকি। ”", "article_category": "bangladesh"}