{"article_id": "article1773495.bdnews", "article_title": "প্রান্তিক অঞ্চলের সুবিধাবঞ্চিতদের ‘জ্বালানি সঙ্কট বেশি’", "article_by": "নিজস্ব প্রতিবেদক, বিডিনিউজ টোয়েন্টিফোর ডটকম", "article_published": "25 Jun 2020 02:10 AM BdST", "article_updated": "25 Jun 2020 02:10 AM BdST", "article_leadtext": "প্রান্তিক অঞ্চলের সুবিধাবঞ্চিত পরিবারের নারীদের জ্বালানির সংস্থান করার জন্য দিনের ‘একটি বড় সময়’ ব্যয় করতে হয় বলে একটি প্রতিবেদনে বলা হয়েছে।", "article_text": "প্রান্তিক অঞ্চলের সুবিধাবঞ্চিত পরিবারের নারীদের জ্বালানির সংস্থান করার জন্য দিনের ‘একটি বড় সময়’ ব্যয় করতে হয় বলে একটি প্রতিবেদনে বলা হয়েছে। নবায়ণযোগ্য ও টেকসই জ্বালানির সহজলভ্যতা এই সঙ্কট দূর করতে পারে বলে মত দিয়েছেন বিশেষজ্ঞরা। বুধবার ২০তম জাতীয় নবায়নযোগ্য শক্তি সম্মেলন এবং গ্রিন এক্সপো ২০২০-এর ভার্চুয়াল উদ্বোধনী অনুষ্ঠানে বেসরকারি উন্নয়ন সংস্থা প্র্যাকটিকাল অ্যাকশন তাদের বৈশ্বিক প্রকাশনা ‘পুওর পিপলস্ এনার্জি আউটলুক- ২০১৯’ প্রকাশ করে। প্রতিবেদনে বলা হয়, নারীরা প্রতিদিন গড়ে প্রায় পাঁচ ঘণ্টা করে সময় ব্যয় করেন শুধু রান্নার জ্বালানি সংগ্রহ, প্রস্তুত ও প্রচলিত পদ্ধতিতে রান্না করার কাজে। অর্ধেকেরও বেশি নারী এই ব্যবস্থা থেকে বের হয়ে আসতে চাইলেও পারছেন না দারিদ্র্য ও বিকল্প জ্বালানি সুলভ না হওয়ায়। নবায়নযোগ্য ও টেকসই বিদ্যুৎ ব্যবহার করে জীবন ও জীবিকার ইতিবাচক পরিবর্তন আনতে প্রান্তিক মানুষ এখনও পিছিয়ে রয়েছে। অনুষ্ঠানের প্রধান অতিথি প্রধানমন্ত্রীর বেসরকারি শিল্প ও বিনিয়োগ উপদেষ্টা সালমান এফ রহমান বলেন, “বাংলাদেশের মতো যেসব দেশ জলবায়ু পরিবর্তনের ফলে সবচেয়ে বেশি ক্ষতিগ্রস্ত তাদের উচিত জীবাশ্ম জ্বালানির উপর নির্ভরতা কমিয়ে নবায়নযোগ্য ও টেকসই জ্বালানির ব্যবহার ক্রমাগত বাড়ানো। সেজন্য গ্রিন এনার্জি বা সবুজ শক্তি কৌশলের উন্নতি করা উচিৎ। ”ঢাকা বিশ্ববিদ্যালয়ের উপাচার্য অধ্যাপক মো. আখতারুজ্জামানের সভাপতিত্বে ভার্চুয়াল এই অনুষ্ঠানে বাংলাদেশ সেন্টার ফর অ্যাডভান্সড স্টাডিজের নির্বাহী পরিচালক আতিক রহমান, প্র্যাকটিক্যাল অ্যাকশনের বাংলাদেশ পরিচালক শওকত বেগম, বিদ্যুৎ বিভাগের সচিব সুলতান আহমেদ, টেকসই ও নবায়নযোগ্য জ্বালানি উন্নয়ন কর্তৃপক্ষ (স্রেডা)-এর চেয়ারম্যান মোহাম্মদ আলাউদ্দিন, ইনফ্রাস্ট্রাকচার ডেভেলপমেন্ট কোম্পানি লিমিটেড (ইডকল)-এর নির্বাহী কর্মকর্তা মাহমুদ মালিক এবং ঢাকা বিশ্ববিদ্যালয়ের ইনস্টিটিউট অফ এনার্জি’র পরিচালক অধ্যাপক সাইফুল হক বক্তব্য রাখেন। বিদ্যুৎ বিভাগের সচিব সুলতান আহমেদ বলেন, অন্তর্ভুক্তির প্রতিবন্ধকতাগুলো দূর করতে বিদ্যুৎ বিভাগ ইতোমধ্যেই উদ্যোগ গ্রহণ করেছে। রাজধানীতে প্রতিদিন যে বিপুল পরিমাণে বর্জ্য উৎপাদন হয় তা থেকে শক্তি উৎপাদনের লক্ষ্যে আমিনবাজারে ৩৬ মেগাওয়াটের প্ল্যান্ট স্থাপনে সরকার ইতোমধ্যে কাজ শুরু করেছে।", "article_category": "business"}