{"article_id": "article1771426.bdnews", "article_title": "বেতন কমাবে না ইউসিবি ও এসবিএসি ব্যাংক", "article_by": "প্রধান অর্থনৈতিক প্রতিবেদক, বিডিনিউজ টোয়েন্টিফোর ডটকম", "article_published": "19 Jun 2020 03:22 AM BdST", "article_updated": "19 Jun 2020 03:23 AM BdST", "article_leadtext": "করোনাভাইরাস মহামারীর মধ্যে বিভিন্ন ব্যাংক কর্মকর্তাদের বেতন কমানো শুরু করলেও উল্টো ঘোষণা দিয়েছে ইউনাইটেড কমার্শিয়াল ব্যাংক-ইউসিবি এবং সাউথ বাংলা এগ্রিকালচার অ্যান্ড কমার্স (এসবিএসি) ব্যাংক।", "article_text": "করোনাভাইরাস মহামারীর মধ্যে বিভিন্ন ব্যাংক কর্মকর্তাদের বেতন কমানো শুরু করলেও উল্টো ঘোষণা দিয়েছে ইউনাইটেড কমার্শিয়াল ব্যাংক-ইউসিবি এবং সাউথ বাংলা এগ্রিকালচার অ্যান্ড কমার্স (এসবিএসি) ব্যাংক। মহামারী নভেল করোনাভাইরাসের মধ্যে ব্যাংক কর্মকর্তারা জীবনের ঝুঁকি নিয়ে জনগণের সেবা দেওয়ায় তাদের বেতন ‘কোনো অবস্থাতেই না কমানোর’ ঘোষণা দিয়েছেন ব্যাংক দুটির চেয়ারম্যানরা। ইউসিবি’র চেয়ারম্যান রুকমীলা জামান বৃহস্পতিবার কর্মকর্তা-কর্মচারীদের উদ্দেশ্যে দেওয়া একটি চিঠিতে লিখেছেন, “মহামারী করোনাভাইরাসের কারণে আজ আমরা সবাই উদ্বিগ্ন-আতঙ্কিত। জীবন ও জীবিকার মাঝে সমন্বয়ের প্রতিযোগিতায় লিপ্ত রয়েছি সবাই। এ সংকটকালে সারা পৃথিবীর মতো বাংলাদেশেও অর্থনৈতিক কর্মকাণ্ড সংকুচিত হয়েছে। অর্থনীতির অন্যতম নিয়ামক ব্যাংকিং খাতও এর থেকে বাইরে নয়। ইউসিবি এ বিরূপ পরিস্থিতি মোকাবেলা করছে সকলের সম্মিলিত প্রচেষ্টায়। “আমরা আশাবাদী যে, যথাযথ কর্মকৌশল ও পদক্ষেপ গ্রহণের মাধ্যমে আমরা এ অবস্থা থেকে উত্তরণ লাভ করব। ”তিনি বলেন, সম্প্রতি অর্থনৈতিক সংকট মোকবেলার জন্য ব্যাংকিং খাতে কর্মকর্তাদের বেতন-ভাতা সংকোচন, পেশাগত সুবিধা কমানো এবং চাকরিচ্যুতির মতো পদক্ষেপের কথা শোনা যাচ্ছে। “তবে তা কোনোভাবেই ব্যাংকের কর্মকর্তা-কর্মচারীদের বেতন কমিয়ে নয়। আমরা দ্ব্যর্থহীন কণ্ঠে বলতে চাই, ইউসিবির সকল পর্যায়ের কর্মকর্তা-কর্মচারীদের কোনো রকম বেতন কমানো হবে না। ”কর্মকর্তা-কর্মচারীদের উদ্দেশে একই ধরনের ঘোষণা দিয়েছেন এসবিএসি ব্যাংকের চেয়ারম্যান এস এম আমজাদ হোসেন। তিনি বলেছেন, “মহামারী নভেল করোনাভাইরাসের মধ্যে আমাদের ব্যাংক কর্মকর্তারা জীবনের ঝুঁকি নিয়ে জনগণের সেবা দিয়ে আসছে। করোনাভাইরাসের প্রভাবে নেতিবাচক অর্থনৈতিক মন্দা কাটিয়ে উঠতে ব্যাংকারদের ফ্রন্টলাইনার যোদ্ধা হিসেবে মনোবল ধরে রাখা প্রয়োজন। তাছাড়া সরকার ঘোষিত প্যাকেজ বাস্তবায়নেও ব্যাংকের অনেক ভূমিকা রয়েছে। “এ অবস্থায় আমাদের ব্যাংকের পর্ষদ কর্মকর্তাদের বেতন না কমানোর সিদ্ধান্ত নিয়েছে। প্রকৃত অর্থে বেতন-ভাতা কম দিয়ে ব্যাংকের খুব বেশি লাভ হয় না। ”তিনি বলেন, সারা বিশ্বের মানুষ নভেল করোনাভাইরাসের পরিণতিতে বিচলিত হয়ে পড়েছেন। ব্যবসা-বাণিজ্যসহ অর্থনীতিতে এখন বৈশ্বিক মহামন্দা চলছে। “এ পরিপ্রেক্ষিতে আমাদের ঘুরে দাঁড়াতে ব্যাংকিং সেবার মান ও পণ্যে নতুনত্ব আনতে হবে, যা ব্যাংক কর্মকর্তাদের দ্বারা সম্পাদিত হবে। সুতরাং কর্মকর্তাদের বেতন না কমিয়ে অন্যান্য অপব্যয় কমাতে ব্যবস্থাপনা কর্তৃপক্ষকে নির্দেশ দেওয়া হয়েছে। ”ইউসিবি ও এসবিএসি ব্যাংক থেকে পাঠানো সংবাদ বিজ্ঞপ্তিতে কর্মকর্তা-কর্মচারীদের উদ্দেশে দেওয়া চিঠির কথা উল্লেখ করা হয়েছে। একইসঙ্গে চিঠি দুটির অনুলিপিও পাঠানো হয়েছে। গত রোববার ব্যাংক কর্মকর্তাদের বেতন ১৫ শতাংশ কমানোর সুপারিশ করে দেশের সব বেসরকারি ব্যাংকের চেয়ারম্যানের কাছে চিঠি দেয় বেসরকারি ব্যাংক মালিকদের সংগঠন অ্যাসোসিয়েশন অব ব্যাংকসের-বিএবি। চিঠিতে কর্মীদের পদোন্নতি, ইনক্রিমেন্ট, ইনসেনটিভ বোনাস বন্ধসহ ১৩ দফা সুপারিশ করা হয়। সেই সুপারিশের আলোকে সিটি ব্যাংক তাদের কর্মকর্তা-কর্মচারীদের ১৬ শতাংশ বেতন-ভাতা কমিয়েছে। এক্সিম ব্যাংক কমিয়েছে ১৫ শতাংশ। এবি ব্যাংক মে ও জুন মাসের বেতন ৫ শতাংশ কমিয়েছে। সর্বশেষ বৃহস্পতিবার আল-আরাফাহ ইসলামী ব্যাংক (এআইবিএল) কর্মকর্তাদের বেতন কমিয়েছে ১০ থেকে ২৫ শতাংশ।", "article_category": "business"}