{"article_id": "article1775839.bdnews", "article_title": "লাখ কোটি টাকার মাইলফলকে ইসলামী ব্যাংকের আমানত", "article_by": "নিজস্ব প্রতিবেদক, বিডিনিউজ টোয়েন্টিফোর ডটকম", "article_published": "01 Jul 2020 02:03 PM BdST", "article_updated": "01 Jul 2020 02:31 PM BdST", "article_leadtext": "বাংলাদেশের বেসরকারি খাতের ইসলামী ব্যাংকের আমানতের পরিমাণ জুন মাস শেষে দাঁড়িয়েছে ১ লাখ কোটি টাকায়।", "article_text": "বাংলাদেশের বেসরকারি খাতের ইসলামী ব্যাংকের আমানতের পরিমাণ জুন মাস শেষে দাঁড়িয়েছে ১ লাখ কোটি টাকায়। বুধবার এক সংবাদ বিজ্ঞপ্তিতে ইসলামী ব্যাংক জানিয়েছে, প্রথমবারের মত, তাদের আমানতের পারিমাণ এই অংকে পৌঁছাল। ২০১৯ সালে এ ব্যাংকের আমানত ছিল ৯৪ হাজার ৬৮১ কোটি টাকা, ২০১৮ সালে ছিল ৮২ হাজার ২৫৭ কোটি টাকা, ২০১৭ সালে ছিল ৭৫ হাজার ৫০২ কোটি টাকা এবং ২০১৬ সালে ছিল ৬৮ হাজার ১৩৫ কোটি টাকা। আমানতের পাশাপাশি এক মাসে রেমিটেন্স আহরণেও নিজেদের রেকর্ড ভাঙার কথা জানিয়েছে ইসলামী ব্যাংক কর্তৃপক্ষ। জুন মাসের রেমিটেন্সের এই পরিমাণ আগের বছরের একই সময়ের ১১৬ শতাংশ বেশি। চলতি বছরের মে মাসের আগে কখনো এ ব্যাংকের মাধ্যমে এক মাসে ৪০ কোটি ডলারের বেশি রেমিটেন্স আসেনি। বাংলাদেশ ব্যাংকের তথ্য অনুযায়ী, এ বছর জুন মাসের ২৮ দিনে ১৬৬ কোটি ডলারের রেমিটেন্স দেশে এসেছে। এই হিসাবে জুন মাসে দেশে আসা মোট রেমিটেন্সের এক তৃতীয়াংশই এসেছে ইসলামী ব্যাংকের মাধ্যমে। সংবাদ বিজ্ঞপ্তিতে বলা হয়, বর্তমানে রেমিটেন্স আহরণে ইসলামী ব্যাংকের মার্কেট শেয়ার ৩২ শতাংশ। সারা দেশে ৩৫৭টি শাখা, ৪৩টি উপশাখা, ১২০০ এজেন্ট আউটলেট, ৬৬০টি নিজস্ব ও প্রায় ১১ হাজার ‘শেয়ারড’ এটিএম ও সিআরএম বুথের মাধ্যমে গ্রাহকদের সেবা দিচ্ছে ১৯৮৩ সালে প্রতিষ্ঠিত ইসলামী ব্যাংক। চলতি বছর এ ব্যাংকের গ্রাহক সংখ্যা বেড়ে দেড় কোটি হয়েছে। এর মধ্যে এজেন্ট আউটলেটের গ্রাহক সংখ্যা ৭ লাখ ৫৩ হাজার এবং আমানতের পরিমাণ ২৬০০ কোটি টাকা, যা দেশের সর্বোচ্চ বলে ইসলামী ব্যাংকের ভাষ্য।", "article_category": "business"}