{"article_id": "article1770598.bdnews", "article_title": "আইইউবিএটিতে অনলাইনে ভর্তি চলছে, ক্লাস শুরু ১ জুলাই", "article_by": "নিজস্ব প্রতিবেদক  বিডিনিউজ টোয়েন্টিফোর ডটকম", "article_published": "16 Jun 2020 09:37 PM BdST", "article_updated": "16 Jun 2020 09:37 PM BdST", "article_leadtext": "ইন্টারন্যাশনাল ইউনিভার্সিটি অব বিজনেস এগ্রিকালচার অ্যান্ড টেকনোলজির (আইইউবিএটি) সামার-২০২০ সেমিস্টারে ভর্তিচ্ছুরা অনলাইনে ভর্তি কার্যক্রম সম্পন্ন করতে পারবেন।", "article_text": "ইন্টারন্যাশনাল ইউনিভার্সিটি অব বিজনেস এগ্রিকালচার অ্যান্ড টেকনোলজির (আইইউবিএটি) সামার-২০২০ সেমিস্টারে ভর্তিচ্ছুরা অনলাইনে ভর্তি কার্যক্রম সম্পন্ন করতে পারবেন। ভর্তি প্রক্রিয়া শেষে ১ জুলাই থেকে অনলাইনেই এ সেমিস্টারের ক্লাস শুরু হবে বলে এক সংবাদ বিজ্ঞপ্তিতে জানিয়েছে বিশ্ববিদ্যালয়টি। ভর্তি সংক্রান্ত বিস্তারিত তথ্য বিশ্ববিদ্যালয়ের ওয়েবসাইটে পাওয়া যাবে। বিজ্ঞপ্তিতে জানানো হয়, আইইউবিএটিতে স্নাতক পর্যায়ে বিবিএ, সিভিল ইঞ্জিনিয়ারিং, কম্পিউটার সায়েন্স অ্যান্ড ইঞ্জিনিয়ারিং, ইলেকট্রিক্যাল অ্যান্ড ইলেকট্রনিকস ইঞ্জিনিয়ারিং, মেকানিক্যাল ইঞ্জিনিয়ারিং, ইকোনমিকস, ইংলিশ, এগ্রিকালচার, ট্যুরিজম অ্যান্ড হসপিটালিটি ম্যানেজমেন্ট প্রোগ্রাম চালু রয়েছে। এছাড়া স্নাতকোত্তর পর্যায়ে চালু আছে এমবিএ প্রোগ্রাম। সামার-২০২০ সেমিস্টারে সকল শিক্ষার্থীদের টিউশন ফি শতকরা ১৫ শতাংশ মওকুফ করার কথা জানিয়েছে বিশ্ববিদ্যালয়টি। এছাড়া এসএসসি ও এইচএসসি বা সমমানের ফলাফল অনুযায়ী শতভাগ পর্যন্ত মেধা বৃত্তি, ছাত্রীদের জন্য ১৫ শতাংশ স্পেশাল বৃত্তিসহ বিভিন্ন ক্যাটাগরিতে আরো ৬৪টি বৃত্তি প্রদান করা হবে বলেও বিজ্ঞপ্তিতে জানানো হয়। বিজ্ঞপ্তিতে জানানো হয়, বিনা খরচে শিক্ষক-শিক্ষার্থীদের পরিবহনের জন্য নিজস্ব বাস সার্ভিস রয়েছে প্রতিষ্ঠানটির। এছাড়া সকল শিক্ষার্থীরা পাবেন স্বাস্থ্যবীমার সুবিধা। বিশ্বের ১০৫টি বিশ্ববিদ্যালয়ের সাথে সমঝোতা চুক্তি রয়েছে আইইউবিএটি'র।", "article_category": "campus"}