{"article_id": "article1778131.bdnews", "article_title": "তুরস্কে যাচ্ছে ওয়ালটনের কম্প্রেসর", "article_by": "নিজস্ব প্রতিবেদক, বিডিনিউজ টোয়েন্টিফোর ডটকম", "article_published": "08 Jul 2020 12:30 AM BdST", "article_updated": "08 Jul 2020 12:30 AM BdST", "article_leadtext": "ওয়ালটন নিজেদের তৈরি কম্প্রেসর রপ্তানি শুরু করেছে তুরস্কে।", "article_text": "ওয়ালটন নিজেদের তৈরি কম্প্রেসর রপ্তানি শুরু করেছে তুরস্কে। মঙ্গলবার এক সংবাদ বিজ্ঞপ্তিতে এ তথ্য জানিয়েছে তারা। এতে বলা হয়, “দেশে তৈরি উন্নতমানের কম্প্রেসর রপ্তানির মাধ্যমে তুরস্কে ব্যবসায়িক কার্যক্রমের সূচনা করেছে ওয়ালটন। নিজস্ব ব্র্যান্ডের নামেই এসব কম্প্রেসর রপ্তানি করছে ওয়ালটন। ”ধাপে ধাপে তুরস্কে ওয়ালটনের রেফ্রিজারেটর, টিভিসহ অন্যান্য পণ্য রপ্তানি হবে বলে জানানো হয়েছে। বিজ্ঞপ্তিতে বলা হয়, “তুরস্কের প্রযুক্তিপণ্য বিপণনকারী প্রতিষ্ঠান কার্গি সগুতমা ইসিতমা স্যান ভি টিক লিমিটেড ওয়ালটনের কাছ থেকে এই কম্প্রেসর কিনছে। ”মঙ্গলবার ঢাকায় ওয়ালটন করপোরেট অফিসে আয়োজিত এক ভার্চুয়াল কনফারেন্সে আনুষ্ঠানিকভাবে তুরস্কে কম্প্রেসর রপ্তানির প্রথম চালান উদ্বোধন করেন বাণিজ্যমন্ত্রী টিপু মুনশি। ওয়ালটনকে অভিনন্দন জানিয়ে বাণিজ্যমন্ত্রী বলেন, “আমি ওয়ালটন কারখানা পরিদর্শন করে দেখেছি, তারা নানা উচ্চমানের পণ্য তৈরি করে। তবে কম্প্রেসরের মতো এত উচ্চপ্রযুক্তির পণ্য তৈরি এবং রপ্তানি করতে দেখে আমি অভিভূত। ”মঙ্গলবার কনফারেন্সে ওয়ালটন ও কার্গি’র মধ্যে ডিস্ট্রিবিউটরশিপ বিজনেস চুক্তি হয়। চুক্তিতে সই করেন ওয়ালটনের ইন্টারন্যাশনাল বিজনেস ইউনিটের প্রেসিডেন্ট এডওয়ার্ড কিম এবং কার্গির ব্যবস্থাপনা পরিচালক এমিন কার্গি। কার্গির ব্যবস্থাপনা পরিচালক এমিন কার্গি বলেন, “ওয়ালটন আমাদেরকে কম্প্রেসরের স্যাম্পল পাঠিয়েছিল। সেগুলোর উন্নত মান দেখে সন্তুষ্ট হই এবং ওয়ালটনের ডিস্ট্রিবিউটর হওয়ার আগ্রহ প্রকাশ করি। ওয়ালটনের ডিস্ট্রিবিউটর হতে পেরে আনন্দিত। ”কনফারেন্সের স্বাগত বক্তব্যে এডওয়ার্ড কিম বলেন, “ওয়ালটনের টার্গেট- বিশ্বের অন্যতম শীর্ষ কম্প্রেসর রপ্তানিকারক হিসেবে নিজেদের প্রতিষ্ঠিত করা। সেই যাত্রায় ইউরেশিয়া অঞ্চলের বিজনেস হাব তুরস্ক যুক্ত হওয়া ওয়ালটনের জন্য এক বিশাল মাইলফলক। ” ভার্চুয়াল কনফারেন্সে বক্তব্য রাখেন জাতীয় রাজস্ব বোর্ডের চেয়ারম্যান আবু হেনা মো. রহমাতুল মুনিম, বাণিজ্য সচিব মো. জাফর উদ্দিন, তুরস্কে নিযুক্ত বাংলাদেশের রাষ্ট্রদূত এম আল্লামা সিদ্দিকি, বাংলাদেশে নিযুক্ত তুরস্কের রাষ্ট্রদূত মুস্তফা ওসমান তুরান, ওয়ালটন হাই-টেক ইন্ডাস্ট্রিজ লিমিটেডের অ্যাডিশনাল ম্যানেজিং ডিরেক্টর প্রকৌশলী গোলাম মুর্শেদ, ওয়ালটন কম্প্রেসরের প্রধান নির্বাহী কর্মকর্তা (সিইও) প্রকৌশলী মীর মুজাহেদীন ইসলাম এবং ওয়ালটন কম্পিউটারের সিইও লিয়াকত আলী। কনফারেন্সটি সঞ্চালনা করেন ওয়ালটনের ডেপুটি এক্সিকিউটিভ ডিরেক্টর ফিরোজ আলম। সংবাদ বিজ্ঞপ্তিতে বলা হয়, ওয়ালটনের বছরে কম্প্রেসর উৎপাদন সক্ষমতা প্রায় ৪০ লাখ। ২০২৫ সালের মধ্যে উৎপাদন সক্ষমতা কোটিতে উন্নীত করার পরিকল্পনা রয়েছে।", "article_category": "business"}