{"article_id": "article1773857.bdnews", "article_title": "ঢাবিতে জুলাই থেকে অনলাইনে ক্লাস", "article_by": "ঢাকা বিশ্ববিদ্যালয় প্রতিনিধি  বিডিনিউজ টোয়েন্টিফোর ডটকম", "article_published": "26 Jun 2020 12:52 AM BdST", "article_updated": "26 Jun 2020 12:52 AM BdST", "article_leadtext": "শিক্ষার্থীদের অসুবিধা বিবেচনা করে শুরুতে অনাগ্রহী হলেও করোনাভাইরাসের প্রাদুর্ভাব কমার কোনো আভাস না দেখে জুলাইয়ের প্রথম সপ্তাহ থেকে অনলাইনে ক্লাস নেওয়া শুরু করতে যাচ্ছে ঢাকা বিশ্ববিদ্যালয়।", "article_text": "শিক্ষার্থীদের অসুবিধা বিবেচনা করে শুরুতে অনাগ্রহী হলেও করোনাভাইরাসের প্রাদুর্ভাব কমার কোনো আভাস না দেখে জুলাইয়ের প্রথম সপ্তাহ থেকে অনলাইনে ক্লাস নেওয়া শুরু করতে যাচ্ছে ঢাকা বিশ্ববিদ্যালয়। এক্ষেত্রে বিশ্ববিদ্যালয়ের কোনো শিক্ষার্থীর আর্থিক অসচ্ছলতার কারণে ইন্টারনেট সংযোগ ও প্রযুক্তিগত সীমাবদ্ধতা থাকলে সহায়তা করা হবে বলেও জানিয়েছে বিশ্ববিদ্যালয় কর্তৃপক্ষ। দেশে করোনাভাইরাসের প্রাদুর্ভাবের পর গত মার্চের শুরু থেকে ঢাকা বিশ্ববিদ্যালয় থেকে শুরু করে সব ধরনের শিক্ষা প্রতিষ্ঠান বন্ধ রয়েছে। এই সময়ে বেসরকারি বিভিন্ন বিশ্ববিদ্যালয় অনলাইনে ক্লাস নেওয়া শুরু করলেও ঢাকা বিশ্ববিদ্যালয় সেই পথে হাঁটতে চায়নি এতদিন। তবে বৃহস্পতিবার বিশ্ববিদ্যালয়র উপাচার্য মো. আখতারুজ্জামানের সভাপতিত্বে বিশ্ববিদ্যালয়ের বিভিন্ন অনুষদের ডিন, বিভাগ বা ইনস্টিটিউটের প্রধানদের নিয় অনুষ্ঠিত এক ভার্চুয়াল সভায় নতুন সিদ্ধান্ত আসে। বিশ্ববিদ্যালয়ের এক সংবাদ বিজ্ঞপ্তিতে বলা হয়, “সভায় করোনাভাইরাস উদ্ভূত পরিস্থিতিতে ইতোপূর্বে ডিন’স কমিটির সভায় গৃহীত সিদ্ধান্ত অনুযায়ী বিভিন্ন সীমাবদ্ধতা ও প্রতিবন্ধকতা সত্ত্বেও অনেক বিভাগ বা ইনস্টিটিউট অনলাইনে ক্লাস নেয়াসহ বিভিন্নভাবে শিক্ষার্থীদের শিক্ষা কার্যক্রমে সম্পৃক্ত রেখেছে। “যে সব বিভাগ বা ইনস্টিটিউট বিভিন্ন কারণে এখনও অনলাইন ক্লাস চালু করত পারেনি, সে সকল বিভাগ বা ইনস্টিটিউটকে সীমিত সামর্থ্য দিয়েই জুলাইয়ের প্রথম সপ্তাহের মধ্যে অনলাইন শিক্ষা কার্যক্রম চালু করার জন্য অনুরাধ জানানো হয়েছে। \"অনলাইন শিক্ষা কার্যক্রম পরিচালনার জন্য কেন্দ্রীয়ভাবে নীতিমালা প্রণয়ন, তথ্য-প্রযুক্তি অবকাঠামো নির্মাণ ও আর্থিক সংশ্লেষসহ আনুষঙ্গিক বিষয়ে প্রতিবেদন তৈরি করতে উপ-উপাচার্য (শিক্ষা) অধ্যাপক এ এস এম মাকসুদ কামালকে প্রধান করে একটি কমিটিও গঠন করা হয়েছে। আর্থিক অসচ্ছলতার কারণে কোনো শিক্ষার্থী যাতে শিক্ষা কার্যক্রমের বাইরে না থাকে,  সেজন্য প্রয়োজনীয় সুযোগ- সুবিধা দেওয়ার কথাও বলা হয়েছে। এর আগে বৃহস্পতিবার ইউজিসির সঙ্গে অনলাইনে বিশ্ববিদ্যালয়গুলোর উপাচার্যদের এক সভায় এই সঙ্কটকালে শিক্ষার্থীদের বিনামূল্যে ইন্টারনেট প্যাকেজ সুবিধা দেওয়ার শর্তে অনলাইনে ক্লাস নিতে রাজি হয় দেশের সরকারি বিশ্ববিদ্যালয়গুলো। বিশ্ববিদ্যালয় মঞ্জুরি কমিশন (ইউজিসি) বলছে, এ বিষয়ে সরকারের সঙ্গে পরামর্শ করে প্রয়োজনীয় ব্যবস্থা নেবে। তবে অনলাইনে কেবল ক্লাস হবে। পরীক্ষা ও ব্যবহারিক ক্লাস আপাতত করা যাবে না।", "article_category": "campus"}