{"article_id": "article1771367.bdnews", "article_title": "যমুনা গ্রুপের চেয়ারম্যান বাবুল করোনাভাইরাসে আক্রান্ত", "article_by": "জ্যেষ্ঠ প্রতিবেদক  বিডিনিউজ টোয়েন্টিফোর ডটকম", "article_published": "18 Jun 2020 10:50 PM BdST", "article_updated": "18 Jun 2020 11:16 PM BdST", "article_leadtext": "দেশের শীর্ষস্থানীয় আরেক ব্যবসায়ী, যমুনা গ্রুপের চেয়ারম্যান নুরুল ইসলাম বাবুল করোনাভাইরাসে আক্রান্ত হয়েছেন।", "article_text": "দেশের শীর্ষস্থানীয় আরেক ব্যবসায়ী, যমুনা গ্রুপের চেয়ারম্যান নুরুল ইসলাম বাবুল করোনাভাইরাসে আক্রান্ত হয়েছেন। হাসপাতালে চিকিৎসাধীন হলেও শারীরিক অবস্থা এখন উন্নতির দিকে বলে তিনি নিজেই জানিয়েছেন। গত ১৪ জুন বাবুলের করোনাভাইরাস পরীক্ষার ফল ‘পজিটিভ’ আসে। পরিবারে আর কেউ করোনাভাইরাসে আক্রান্ত হননি বলে জানান বাবুল। বাবুলের স্ত্রী সালমা ইসলাম একজন সংসদ সদস্য। যমুনা গ্রুপ বাংলাদেশে বড় শিল্প গ্রুপের একটি। বস্ত্র, রাসায়নিক, চামড়া, মোটর সাইকেল, ইলেকট্রনিক্স, বেভারেজ, টয়লেট্রিজ উৎপাদন করছে এই গ্রুপটি। তাছাড়া যুগান্তর ও যমুনা টেলিভিশনের মালিকানায়ও রয়েছে এই গ্রুপটি", "article_category": "business"}