{"article_id": "article1755137.bdnews", "article_title": "অসহায় মানুষের পাশে ইউল্যাব অ্যালামনাই অ্যাসোসিয়েশন", "article_by": "নিজস্ব প্রতিবেদক, বিডিনিউজ টোয়েন্টিফোর ডটকম", "article_published": "05 May 2020 06:11 PM BdST", "article_updated": "05 May 2020 06:11 PM BdST", "article_leadtext": "করোনাভাইরাস দুর্যোগ মোকাবিলায় সহায়তা তহবিল থেকে শতাধিক পরিবারকে রমজানের উপহার সামগ্রী দিয়েছে ইউল্যাব অ্যালামনাই এ্যাসোসিয়েশন।", "article_text": "করোনাভাইরাস দুর্যোগ মোকাবিলায় সহায়তা তহবিল থেকে শতাধিক পরিবারকে রমজানের উপহার সামগ্রী দিয়েছে ইউল্যাব অ্যালামনাই এ্যাসোসিয়েশন। গত শনিবার রাজধানীর মোহাম্মদপুরের শতাধিক পরিবারের কাছে খাদ্য সহায়তা পৌঁছে দেন এ্যাসোসিয়েশনের সদস্যরা। প্রত্যেক পরিবারকে উপহার দেওয়া খাদ্য সামগ্রীর মধ্যে ছিল সাড়ে ৭ কেজি চাল, ১ কেজি ডাল, ২ কেজি আলু, ১ কেজি পিয়াজ, আধা কেজি ছোলা, আধা কেজি খেজুর, ১ লিটার তেল এবং সাবান। খাদ্য সহায়তা পৌঁছে দেওয়ার কাজটি সমন্বয় করেন ইউল্যাবের শিক্ষার্থী জাহিদুল ইসলাম খন্দকার। এই উদ্যোগ বাস্তবায়নে যারা বিভিন্নভাবে সহযোগিতার হাত বাড়িয়ে দিয়েছেন ও অনুপ্রেরণা দিয়ে যাচ্ছেন তাদের প্রতি কৃতজ্ঞতা স্বীকার করেছেন ইউল্যাব অ্যালামনাই এ্যাসোসিয়েশনের সভাপতি আহমেদ রাকিব। পরিস্থিতি স্বাভাবিক না হওয়া পর্যন্ত অসহায় পরিবারগুলোর পাশে থেকে এই উদ্যোগ পরিচালনার আশাবাদ ব্যক্ত করেন তিনি। অ্যাসোসিয়েশনের বিজ্ঞপ্তিতে জানানো হয়, সহায়তা তহবিলে ০১৫১১৬২৮০৯৪, ০১৬১০০০২৪৬৯ নাম্বারে বিকাশের মাধ্যমে, ০১৮১৮ ৮৩৯১৫৭ নাম্বারে নগদের মাধ্যমে, ০১৬৮৪ ০৯৭১৫১ রকেটের মাধ্যমে অর্থ সহায়তা পাঠানো যাবে। এই উদ্যোগে সার্বিক তত্বাবধানে আছেন ইউল্যাব এ্যালামনাই অ্যাসোসিয়েশনের উপদেষ্টা সৈয়দ নাজিব এম রহমান, সাধারণ সম্পাদক খায়রুল আনাম, জ্যেষ্ঠ সহ-সভাপতি তারিফ মোহাম্মদ খান, সহ-সভাপতি ফয়সাল আহমেদ প্রিন্স, অর্থ সম্পাদক তামিম হোসেন তূর্য, সাংগঠনিক সম্পাদক রাফসান এ জানসহ ইউল্যাবের বিভিন্ন বিভাগের অ্যালামনাইরা।", "article_category": "campus"}