{"article_id": "article1778878.bdnews", "article_title": "পরীক্ষিত ও বিশ্বস্ত সহযোদ্ধাকে হারালাম: প্রধানমন্ত্রী", "article_by": "নিজস্ব প্রতিবেদক, বিডিনিউজ টোয়েন্টিফোর ডটকম", "article_published": "10 Jul 2020 12:52 AM BdST", "article_updated": "10 Jul 2020 12:58 AM BdST", "article_leadtext": "আওয়ামী লীগ নেতা সাহারা খাতুনের মৃত্যুতে শোক জানিয়ে প্রধানমন্ত্রী শেখ হাসিনা বলেছেন, তার মৃত্যুতে দেশ একজন দক্ষ নারী নেত্রী হারিয়েছে, আর তিনি হারিয়েছেন ‘পরীক্ষিত ও বিশ্বস্ত’ সহযোদ্ধাকে।", "article_text": "আওয়ামী লীগ নেতা সাহারা খাতুনের মৃত্যুতে শোক জানিয়ে প্রধানমন্ত্রী শেখ হাসিনা বলেছেন, তার মৃত্যুতে দেশ একজন দক্ষ নারী নেত্রী হারিয়েছে, আর তিনি হারিয়েছেন ‘পরীক্ষিত ও বিশ্বস্ত’ সহযোদ্ধাকে। আওয়ামী লীগের সভাপতিমণ্ডলীর সদস্য ও সাবেক স্বরাষ্ট্রমন্ত্রী সাহারা খাতুন বৃহস্পতিবার রাতে থাইল্যান্ডের একটি হাসপাতালে চিকিৎসাধীন অবস্থায় মারা গেছেন। তার মৃত্যুতে এক শোকবার্তায় প্রধানমন্ত্রী বলেন, “বঙ্গবন্ধুর আদর্শের সৈনিক হিসেবে সাহারা খাতুন গণতন্ত্র পুনঃপ্রতিষ্ঠা ও মানুষের অধিকার আদায়ের সংগ্রামে আজীবন কাজ করে গেছেন এবং দলের দুঃসময়ে নেতাকর্মীদের পাশে থেকে আইনিসহ সকল সাহায্য-সহযোগিতা প্রদান করেছেন। “তার মৃত্যুতে দেশ ও জাতি একজন দক্ষ নারী নেত্রী এবং সৎ জননেতাকে হারাল। আমি হারালাম এক পরীক্ষিত ও বিশ্বস্ত সহযোদ্ধাকে। ”প্রয়াতের আত্মার মাগফিরাত কামনা এবং তার শোকসন্তপ্ত পরিবারের সদস্যদের প্রতি সমবেদনা জানিয়েছেন প্রধানমন্ত্রী। সাহারা খাতুনের বয়স হয়েছিল ৭৭ বছর। তিনি ঢাকা-১৮ আসনের সংসদ সদস্য ছিলেন।", "article_category": "bangladesh"}