{"article_id": "article1778995.bdnews", "article_title": "বিশেষ ফ্লাইটে ফিরে গেলেন ১৬ ভারতীয়", "article_by": "নিজস্ব প্রতিবেদক, বিডিনিউজ টোয়েন্টিফোর ডটকম", "article_published": "10 Jul 2020 03:50 PM BdST", "article_updated": "10 Jul 2020 03:50 PM BdST", "article_leadtext": "করোনাভাইরাস সঙ্কটের মধ্যে বাংলাদেশে থাকা ১৬ জন ভারতীয় নাগরিক তাদের দেশে ফিরে গেছেন।", "article_text": "করোনাভাইরাস সঙ্কটের মধ্যে বাংলাদেশে থাকা ১৬ জন ভারতীয় নাগরিক তাদের দেশে ফিরে গেছেন। নভোএয়ারের একটি বিশেষ ফ্লাইটে শুক্রবার দুপুরে তারা আসামের রাজধানী গৌহাটিতে পৌঁছান বলে বেসরকারি এ বিমান পরিবহন সংস্থার এক সংবাদ বিজ্ঞপ্তিতে জানানো হয়। মহামারীর কারণে বিশ্বে বিমান যোগাযোগ সীমিত হওয়ার পাশাপাশি বিভিন্ন দেশ লকডাউন ঘোষণা করায় অনেকে বিভিন্ন দেশে আটকা পড়েন। বাংলাদেশ থেকে ১৭টি আন্তর্জাতিক গন্তব্যের মধ্যে এখন কেবল লন্ডন ও চীনে সরাসরি ফ্লাইট চলাচল করছে। আর ঢাকা থেকে কাতারে ট্রানজিট যাত্রীরা চলাচল করতে পারছেন। এ অবস্থায় বিশেষ ফ্লাইটে বিভিন্ন দেশ থেকে বাংলাদেশিদের ফিরিয়ে আনা হচ্ছে। গত তিন মাসে যুক্তরাষ্ট্র, যুক্তরাজ্য, সৌদি আরব, থাইল্যান্ড, সিঙ্গাপুর, তুরস্ক, মালদ্বীপ, কুয়েত, কাতার, ভারত, মালয়েশিয়া এবং ইউরোপের বিভিন্ন দেশ থেকে কয়েক হাজার বাংলাদেশি বিশেষ ফ্লাইটে দেশে ফিরেছেন।", "article_category": "bangladesh"}