{"article_id": "article1779167.bdnews", "article_title": "টাঙ্গাইলের সাংসদ আতাউরকে ঢাকায় আনা হল হেলিকপ্টারে", "article_by": "নিজস্ব প্রতিবেদক, বিডিনিউজ টোয়েন্টিফোর ডটকম", "article_published": "10 Jul 2020 10:35 PM BdST", "article_updated": "11 Jul 2020 12:24 AM BdST", "article_leadtext": "গুরুতর অসুস্থ হয়ে পড়ায় টাঙ্গাইলের সংসদ সদস্য আতাউর রহমান খানকে বিমান বাহিনীর হেলিকপ্টারে করে ঢাকায় আনা হয়েছে।", "article_text": "গুরুতর অসুস্থ হয়ে পড়ায় টাঙ্গাইলের সংসদ সদস্য আতাউর রহমান খানকে বিমান বাহিনীর হেলিকপ্টারে করে ঢাকায় আনা হয়েছে। আন্তঃবাহিনী জনসংযোগ পরিদপ্তর (আইএসপিআর) জানিয়েছে, শুক্রবার রাত ৮টা ১০ মিনিটে বিমান বাহিনীর হেলিকপ্টারে করে ‍উন্নত চিকিৎসার জন্য আতাউর রহমান খানকে ঢাকায় আনা হয়। ৮৩ বছর বয়সী আতাউর রহমান নিউরো জটিলতায় ভুগছেন এবং তাকে বঙ্গবন্ধু শেখ মুজিব মেডিকেল বিশ্ববিদ্যালয় হাসপাতালে ভর্তি করা হয়েছে বলে আইএসপিআর জানিয়েছে। টাঙ্গাইল-৩ (ঘাটাইল) আসনে আওয়ামী লীগের সংসদ সদস্য আতাউর রহমান খান এই আসনের সাবেক এমপি আমানুর রহমান খানের বাবা। সেখানকার মেডিসিন বিভাগের বিশেষজ্ঞ চিকিৎসক সুজাউদ্দিন তালুকদার জানান, আতাউর রহমান খান শুক্রবার সকালে অসুস্থ হয়ে পড়লে তার পরীক্ষা-নিরীক্ষা করা হয়। তার হৃদরোগ, রক্তে লবণ কমে যাওয়া, পেটের পীড়াসহ নানা জটিলতা দেখা দিয়েছে। পরে তাকে উন্নত চিকিৎসার জন্য ঢাকায় নিয়ে যাওয়া হয়। সোনালী ব্যাংকের সাবেক উপ-মহাব্যবস্থাপক আতাউর রহমান খান ২০১৮ সালের নির্বাচনে আওয়ামী লীগের মনোনয়ন পেয়ে সংসদ সদস্য নির্বাচিত হন।", "article_category": "bangladesh"}