{"article_id": "article1778985.bdnews", "article_title": "কলাবাগানে সড়কে নারীর লাশ", "article_by": "জ্যেষ্ঠ প্রতিবেদক, বিডিনিউজ টোয়েন্টিফোর ডটকম", "article_published": "10 Jul 2020 02:52 PM BdST", "article_updated": "10 Jul 2020 02:52 PM BdST", "article_leadtext": "রাজধানীর কলাবাগানে রাস্তার ওপর থেকে এক নারীর মৃতদেহ উদ্ধার করেছে পুলিশ।", "article_text": "রাজধানীর কলাবাগানে রাস্তার ওপর থেকে এক নারীর মৃতদেহ উদ্ধার করেছে পুলিশ। নিহত মোমেনা আক্তার (৪০) শেরপুরের শ্রীবরদী উপজেলার বাসিন্দা বলে প্রাথমিকভাবে জানা গেছে। কলাবাগার থানার ওসি পরিতোষ চন্দ্র জানান, শুক্রবার সকালে গ্রীন রোডে ১৫২/২ নম্বর বাসার সামনে মসজিদ গলিতে তার মৃতদেহ পাওয়া যায়। এই ঘটনায় পাশের ভবনের এক দারোয়ানকে জিজ্ঞাসাবাদের জন্য আটক করা হয়েছে বলে পরিতোষ জানান। তিনি বলে, নিহত নারীর বিষয়ে আর কিছু জানা যায়নি। শ্রীবরদী থানার ওসিকে তার স্বজনদের খোঁজখবর করতে বলা হয়েছে। নিহতের নাম কীভাবে জানতে পেরেছেন জানতে চাইলে ওসি পরিতোষ বলেন, “একটি সোর্স থেকে জেনেছি। আশা করছি, হত্যার রহস্য সহসাই উদ্ঘাটন করতে পারব। ”লাশ ঢাকা মেডিকেল কলেজ হাসপাতাল মর্গে পাঠানো হয়েছে বলে তিনি জানান।", "article_category": "bangladesh"}