{"article_id": "article1779194.bdnews", "article_title": "ইউএস-বাংলার ফ্লাইট এক সপ্তাহের জন্য বন্ধ করল চীন", "article_by": "নিজস্ব প্রতিবেদক, বিডিনিউজ টোয়েন্টিফোর ডটকম", "article_published": "11 Jul 2020 12:13 AM BdST", "article_updated": "11 Jul 2020 12:13 AM BdST", "article_leadtext": "বাংলাদেশ থেকে চীনের গুয়াংঝুগামী ফ্লাইটে করোনাভাইরাস আক্রান্ত রোগী পাওয়ায় এক সপ্তাহের জন্য বেসরকারি ইউএস-বাংলা এয়ারলাইন্সের সব ফ্লাইট বাতিল করেছে চীনের সিভিল এভিয়েশন কর্তৃপক্ষ।", "article_text": "বাংলাদেশ থেকে চীনের গুয়াংঝুগামী ফ্লাইটে করোনাভাইরাস আক্রান্ত রোগী পাওয়ায় এক সপ্তাহের জন্য বেসরকারি ইউএস-বাংলা এয়ারলাইন্সের সব ফ্লাইট বাতিল করেছে চীনের সিভিল এভিয়েশন কর্তৃপক্ষ। ইউএস-বাংলা এয়ারলাইন্সের জনসংযোগ শাখার জিএম মো. কামরুল ইসলাম বিডিনিউজ টোয়েন্টিফোর ডটকমকে বলেন, চীনের সিভিল এভিয়েশন কর্তৃপক্ষের আদেশটি ইউএস-বাংলা এয়ারলাইন্স কর্তৃপক্ষ আনুষ্ঠানিকভাবে শুক্রবার হাতে পেয়েছে। তিনি জানান, চীনের শতাধিক নাগরিক নিয়ে গত ২৭ জুন ইউএস-বাংলা এয়ারলাইন্সের একটি ফ্লাইট গুয়াংঝু গেলে যাত্রীদের প্রাতিষ্ঠানিক কোয়ারেন্টিনে নেওয়া হয়। পরে তাদের পরীক্ষায় পাঁচজন যাত্রীর করোনাভাইরাস ‘পজিটিভ’ আসে। এরপর ৬ থেকে ১২ জুলাই পর্যন্ত তারা চীনে ইউএস-বাংলা এয়ারলাইন্সের গুয়াংঝুগামী সব ফ্লাইট বাতিল করেছে। বর্তমানে ইউএস-বাংলা এয়ারলাইন্স গুয়াংঝুতে সপ্তাহে একটি ফ্লাইট পরিচালনা করছে জানিয়ে তিনি বলেন, এজন্য ১১ জুলাই গুয়াংঝুগামী ফ্লাইট পিছিয়ে ১৮ জুলাই নেওয়া হয়েছে। এর আগে ঢাকা থেকে যাওয়া যাত্রীদের মধ্যে ‘উল্লেখযোগ্য সংখ্যকের’ করোনাভাইরাস সংক্রমণ ধরা পড়ায় গত ৭ জুলাই এক সপ্তাহের জন্য বাংলাদেশ থেকে সব ধরনের ফ্লাইট বন্ধ রাখার ঘোষণা দেয় ইতালি সরকার। বাংলাদেশ থেকে ১৭টি আন্তর্জাতিক গন্তব্যের মধ্যে এখন কেবল লন্ডন ও চীনে সরাসরি ফ্লাইট চলাচল করছে। আর ঢাকা থেকে কাতারে ট্রানজিট যাত্রীরা চলাচল করতে পারছেন। এ অবস্থায় বিশেষ ফ্লাইটে বিভিন্ন দেশ থেকে বাংলাদেশিদের ফিরিয়ে আনা হচ্ছে। আর বাংলাদেশ থেকে বিশেষ ফ্লাইটে বিভিন্ন দেশে যাচ্ছেন বিদেশি নাগরিকরা। গেল মাসের মাঝামাঝিতে এই সীমিত পরিসরে আন্তর্জাতিক ফ্লাইট চালু হওয়ার পর সপ্তাহ দুয়েকের মধ্যে হাজারখানেক প্রবাসী বাংলাদেশি ইতালি ফিরে যান। তাদের মধ্যে অনেকের দেহে করোনাভাইরাস শনাক্ত হওয়ায় সব ধরনের ফ্লাইট বন্ধের ঘোষণা দেয় দেশটি।", "article_category": "business"}