{"article_id": "article1776735.bdnews", "article_title": "কারানকে নিয়ে দুঃশ্চিন্তামুক্ত ইংল্যান্ড", "article_by": "স্পোর্টস ডেস্ক, বিডিনিউজ টোয়েন্টিফোর ডটকম", "article_published": "03 Jul 2020 09:03 PM BdST", "article_updated": "03 Jul 2020 09:03 PM BdST", "article_leadtext": "‘জীবাণুমুক্ত’ পরিবেশে থেকেও দুঃশ্চিন্তায় পড়েছিল ইংল্যান্ড দল। শঙ্কা অবশ্য কেটে গেছে। অসুস্থতা অনুভব করায় সেলফ-আইসোলেশনে থাকা স্যাম কারানের করোনাভাইরাস নেগেটিভ এসেছে।", "article_text": "‘জীবাণুমুক্ত’ পরিবেশে থেকেও দুঃশ্চিন্তায় পড়েছিল ইংল্যান্ড দল। শঙ্কা অবশ্য কেটে গেছে। অসুস্থতা অনুভব করায় সেলফ-আইসোলেশনে থাকা স্যাম কারানের করোনাভাইরাস নেগেটিভ এসেছে। বৃহস্পতিবার বিবৃতিতে ইংল্যান্ড অ্যান্ড ওয়েলস ক্রিকেট বোর্ড (ইসিবি) জানায়, কারানের ডায়রিয়া হয়েছে এবং অসুস্থতা অনুভব করছেন। পরে সেদিনই তার কোভিড-১৯ পরীক্ষা করা হয়। শুক্রবার পরীক্ষার ফল এলে স্বস্তি ফেরে ইংল্যান্ড শিবিরে। নিজেদের মধ্যে খেলা তিন দিনের প্রস্তুতি ম্যাচের প্রথম দিন বুধবার খেলেন কারান। ব্যাটিংয়ে অপরাজিত ছিলেন ১৫ রানে। কিন্তু পরদিন অসুস্থতায় আর মাঠে নামেননি। আগামী দুই-এক দিনের মধ্যেই অনুশীলনে ফিরবেন কারান। এসময় দলীয় চিকিৎসক তার অবস্থা পর্যবেক্ষণ করবেন। ইংল্যান্ড দলের সবার সঙ্গে আগামী রোববার আরও একবার কোভিড-১৯ পরীক্ষা করানো হবে কারানের। আগামী ৮ জুলাই সাউথ্যাম্পটনে শুরু হবে ইংল্যান্ড-ওয়েস্ট ইন্ডিজ সিরিজের প্রথম টেস্ট।", "article_category": "cricket"}