{"article_id": "article1780451.bdnews", "article_title": "চুক্তিতে প্রধান তথ্য কর্মকর্তা থাকছেন সুরথ", "article_by": "জ্যেষ্ঠ প্রতিবেদক, বিডিনিউজ টোয়েন্টিফোর ডটকম", "article_published": "14 Jul 2020 06:09 PM BdST", "article_updated": "14 Jul 2020 06:09 PM BdST", "article_leadtext": "চাকরির মেয়াদ শেষে প্রধান তথ্য কর্মকর্তা সুরথ কুমার সরকারকে চুক্তিতে একই পদে রেখে দিয়েছে সরকার।", "article_text": "চাকরির মেয়াদ শেষে প্রধান তথ্য কর্মকর্তা সুরথ কুমার সরকারকে চুক্তিতে একই পদে রেখে দিয়েছে সরকার। ১৯৮৪ সালের বিসিএস ব্যাচের তথ্য ক্যাডারের কর্মকর্তা সুরথকে এক বছরের চুক্তিতে প্রধান তথ্য কর্মকর্তা নিয়োগ দিয়ে মঙ্গলবার আদেশ জারি করেছে জনপ্রশাসন মন্ত্রণালয়। গত ৩ জুলাই থেকে সুরথকে অবসরে পাঠিয়ে ৫ জুলাই আদেশ জারি করেছিল জনপ্রশাসন মন্ত্রণালয়। এখন তার অবসরোত্তর ছুটি এ সংক্রান্ত সুবিধা স্থগিতের শর্তে যোগদানের তারিখ থেকে পরবর্তী এক বছরের চুক্তিতে প্রধান তথ্য কর্মকর্তা পদে নিয়োগ দেওয়া হয়েছে। বাংলাদেশ টেলিভিশনের উপ-মহাপরিচালক থাকাকালে ২০১৯ সালের ২৬ জুন প্রধান তথ্য কর্মকর্তা হিসেব নিয়োগ পেয়েছিলেন অতিরিক্ত সচিব সুরথ। এর আগে তিনি জাতীয় সংসদ সচিবালয়, তথ্য মন্ত্রণালয়, শিক্ষা মন্ত্রণালয়, মহিলা ও শিশু বিষয়ক মন্ত্রণালয়, প্রাথমিক ও গণশিক্ষা মন্ত্রণালয়, বাংলাদেশ ফিল্ম সেন্সর বোর্ড, তথ্য অধিদপ্তর এবং গণযোগাযোগ অধিদপ্তরের বিভিন্ন দায়িত্বে ছিলেন।", "article_category": "bangladesh"}