{"article_id": "article1780377.bdnews", "article_title": "নারীর ওপর করোনাভাইরাসের প্রভাব নিয়ে ওয়েবিনারে সায়মা হোসেন", "article_by": "নিজস্ব প্রতিবেদক, বিডিনিউজ টোয়েন্টিফোর ডটকম", "article_published": "14 Jul 2020 02:42 PM BdST", "article_updated": "14 Jul 2020 02:55 PM BdST", "article_leadtext": "নারীদের উপর করোনাভাইরাসের অভিঘাত নিয়ে একটি ভার্চুয়াল সেমিনারের আয়োজন করেছে বার্তা সংস্থা ইন্টার প্রেস সার্ভিস, যাতে অংশ নেবেন অটিজম বিশেষজ্ঞ সায়মা ওয়াজেদ হোসেন।", "article_text": "নারীদের উপর করোনাভাইরাসের অভিঘাত নিয়ে একটি ভার্চুয়াল সেমিনারের আয়োজন করেছে বার্তা সংস্থা ইন্টার প্রেস সার্ভিস, যাতে অংশ নেবেন অটিজম বিশেষজ্ঞ সায়মা ওয়াজেদ হোসেন। বাংলাদেশ সময় মঙ্গলবার সন্ধ্যা ৭টায় ‘দ্য ইমপ্যাক্ট অফ দ্য কোভিড-১৯ প্যানডেমিক অন উইমেন অ্যান্ড গার্লস’ শীর্ষক এই সেমিনার অনুষ্ঠিত হবে। বিশ্ব স্বাস্থ্য সংস্থার মহাপরিচালকের উপদেষ্টা ও সূচনা ফাউন্ডেশনের চেয়ারপার্সন সায়মা ওয়াজেদ হোসেন ছাড়াও এতে আলোচক থাকবেন বিশ্ব খাদ্য কর্মসূচির সাবেক নির্বাহী পরিচালক ক্যাথেরিন বার্টিনি। এডুকেশন ক্যাননট ওয়েট (ইসিডব্লিউ) সংস্থার পরিচালক ইয়াসমিন শেরিফ, জাতিসংঘের সাবেক সহকারী মহাসচিব জোসেফিনা স্টাবস এবং উইমেন ডেলিভারের পলিসি ও অ্যাডভোকেসি বিষয়ক ব্যবস্থাপনা পরিচালক সুসান প্যাপও আলোচনায় অংশ নেবেন। গুয়ারিনি ইনস্টিটিউট অব পাবলিক অ্যাফেয়ার্সের উপদেষ্টা দোয়া আবদেল-মোতাল অনুষ্ঠান সঞ্চালনা করবেন। বৃহস্পতিবার ইন্টার প্রেস সার্ভিসে ‘দ্য কোয়াইট সার্ভাইভার্স অফ এ গ্লোবাল প্যানডেমিক’ শীর্ষক এক মন্তব্য কলামে বৈশ্বিক মহামারীতে নারীদের ওপর অভিঘাত এবং সমাধানের বিষয় তুলে ধরেন সায়মা হোসেন।", "article_category": "bangladesh"}