{"article_id": "article1780826.bdnews", "article_title": "র‌্যাবকে ‘অনেক কিছু’ বলেছেন সাহেদ", "article_by": "জ্যেষ্ঠ প্রতিবেদক, বিডিনিউজ টোয়েন্টিফোর ডটকম", "article_published": "15 Jul 2020 05:26 PM BdST", "article_updated": "15 Jul 2020 11:44 PM BdST", "article_leadtext": "ক্ষমতাসীন দলের নেতা পরিচয় দিয়ে ক্ষমতার দাপট দেখিয়ে নানা কাজ হাসিল করে নেওয়া মোহাম্মদ সাহেদের কাছে ‘অনেক তথ্য’ পাওয়ার কথা জানিয়েছে র‌্যাব।", "article_text": "ক্ষমতাসীন দলের নেতা পরিচয় দিয়ে ক্ষমতার দাপট দেখিয়ে নানা কাজ হাসিল করে নেওয়া মোহাম্মদ সাহেদের কাছে ‘অনেক তথ্য’ পাওয়ার কথা জানিয়েছে র‌্যাব। বুধবার ভোরে সাতক্ষীরার দেবহাটা সীমান্ত থেকে ধরে হেলিকপ্টারে ঢাকায় আনার পর সাহেদকে নিয়ে উত্তরায় তার আরেকটি কার্যালয়ে র‌্যাব অভিযান চালায়। এরপর বিকালে উত্তরার র‌্যাব সদর দপ্তরে এক সংবাদ সম্মেলনে তাদের এই অভিযানের বিস্তারিত তথ্য তুলে ধরতে উপস্থিত হন খোদ র‌্যাবপ্রধান চৌধুরী আবদুল্লাহ আল মামুন। সেখানে সাংবাদিকদের এক প্রশ্নের জবাবে তিনি বলেন, “তিনি (সাহেদ) অনেক কিছু বলেছেন, তবে তদন্তের স্বার্থে তা বলা যাবে না। ”নানা কেলেঙ্কারি চেপে রেখে রিজেন্ট গ্রুপের চেয়ারম্যান বনে বিভিন্ন টেলিভিশনে নিয়মিত মুখ দেখাতেন সাহেদ। নিজেকে তিনি পরিচয় দিতেন আওয়ামী লীগের আন্তর্জাতিক উপকমিটির সহসম্পাদক। তার ফেইসবুক পাতা ভরা বিভিন্ন নেতার সঙ্গে ছবিতে। মহামারীকালে করোনাভাইরাসের রোগীদের চিকিৎসার জন্য স্বাস্থ্য অধিদপ্তর সাহেদের রিজেন্ট হাসপাতালের সঙ্গে চুক্তি করেছিল। কিন্তু কোভিড-১৯ পরীক্ষার প্রতিবেদন নিয়ে প্রতারণার অভিযোগ পাওয়ার পর ওই হাসপাতালে গত ৬ ও ৭ জুলাই অভিযান চালায় র‌্যাব। তখন হাসপাতালটির নানা দুর্নীতি প্রকাশ পাওয়ার পর জানা যায়, এ চিকিৎসালয়ের লাইসেন্সের মেয়াদ পার হয়ে গেছে বহু আগে। তখন সাহেদ লাপাত্তা হয়ে যান। আর র‌্যাবের ওই অভিযানের পর তার নানা অনিয়ম ও দুর্নীতির খবরও সংবাদ মাধ্যমে আসতে শুরু করে। কিন্তু তা হদিস মিলছিল না। ‘প্রতারক’ সাহেদনামা   স্বাস্থ্যমন্ত্রী বললেন, রিজেন্টের বিষয়ে তিনিও জানতেন না  সেটা যে সাহেদের চাল ছিল, কেউ বোঝেনি: স্বরাষ্ট্রমন্ত্রী    সাতক্ষীরায় গ্রেপ্তার সাহেদকে আনা হল ঢাকায় পলাতক অবস্থায় সাহেদ কোনো প্রভাবশালী ব্যক্তির আশ্রয়ে ছিলেন কি না- সংবাদ সম্মেলনে এ প্রশ্নের জবাবে র‌্যাবের মহাপরিচালক বলেন, “তাকে কেবল গ্রেপ্তার করা হয়েছে। তার সাথে কথা বললে আরও বিস্তারিত জানা যাবে। ”তিনি বলেন, সাহেদ গুরুত্বপূর্ণ ব্যক্তিদের সঙ্গে ছবি তুলে তা প্রতারণার কাজে ব্যবহার করতেন। “সে কখনও নিজেকে অবসরপ্রাপ্ত বা কখনও চাকুরিরত সেনা কর্মকর্তা, কখনও মিডিয়া ব্যক্তিত্ব, কখনও উচ্চপদস্থ কর্মকর্তা পরিচয় দিত বলে জানতে পারি। “সে নিজেকে ক্লিন ইমেজের ব্যক্তি হিসাবে প্রচার করার চেষ্টা করলেও প্রকৃত অর্থে সে একজন ধুরন্ধর লোক। ”‌্যাবের করা মামলায়ও বলা হয়, “এই হাসপাতালের চেয়ারম্যান মোহাম্মদ সাহেদ নিজেকে ক্লিন ইমেজের ব্যক্তি বলে দাবি করলেও প্রকৃতপক্ষে সে একজন ধুরন্ধর, অর্থলিপ্সু ও পাষণ্ড। ”মাসুদের তথ্যে সাহেদ ধরামঙ্গলবার গ্রেপ্তার রিজেন্ট গ্রুপের ব্যবস্থাপনা পরিচালক মাসুদ পারভেজের দেওয়া তথ্যের ভিত্তিতে অভিযান চালিয়ে সাহেদকে তার পৈত্রিক জেলা সাতক্ষীরায় পাওয়া যায় বলে আল মামুন জানান। রিজেন্ট হাসপাতালে দুর্নীতি-প্রতারণার অভিযোগে র‌্যাব যে মামলা করেছিল, তার ১৭ আসামির মধ্যে শীর্ষ দুজন হলেন সাহেদ ও মাসুদ। মঙ্গলবার সন্ধ্যায় গাজীপুরের কাপাসিয়া থেকে মাসুদকে গ্রেপ্তার করা হয়। সাহেদ গত এক সপ্তাহে বিভিন্ন স্থানে লুকিয়ে ছিল বলে জানন র‌্যাব মহাপরিচালক। তিনি বলেন, “জিজ্ঞাসাবাদে সে বলেছে, ঢাকাসহ কক্সবাজার, কুমিল্লা, সাতক্ষীরার বিভিন্ন অঞ্চলে আত্মগোপন করেছিল। বিভিন্নভাবে যান বাহন ব্যবহার করেছেন। কখনও হেঁটে, কখনও ট্রাকে, কখনওবা ব্যক্তিগত গাড়িতে করে একস্থান থেকে অন্যস্থানে গেছেন। ”বিশালবপু সাহেদ কাঁচাপাকা চুল আর বড় গোঁফ নিয়ে বিভিন্ন টেলিভিশনে আলোচনা অনুষ্ঠানে হাজির হলেও গ্রেপ্তারের সময় তার চেহারায় ভিন্নতা দেখা যায়। র‌্যাব বলছে, গ্রেপ্তার এড়াতে ছদ্মবেশ ধারণ করেছিলেন সাহেদ। চুলে কলপ, গোঁফে ছাঁট; তারপরও ধরা সাহেদ  র‌্যাবের গোয়েন্দা শাখার পরিচালক সারওয়ার বিন কাশেম বিডিনিউজ টোয়েন্টিফোর ডটকমকে বলেন, গ্রেপ্তার এড়াতে সাহেদ চুলে কলপ করিয়েছিলেন এবং গোঁফও ছেঁটেছিলেন। “বোরকা পরিহিত অবস্থায় নৌকায় করে পাশের দেশে পালিয়ে যাওয়ার সময় তাকে গ্রেপ্তার করা হয়। চেহারা পরিবর্তন করার জন্য সে তার চুলও কালো করে ফেলেছিল। ”     দেবহাটা সীমান্তবর্তী কোমরপুর গ্রামের লবঙ্গবতী নদীর তীর থেকে বুধবার ভোর সাড়ে ৫টার দিকে সাহেদকে গ্রেপ্তারের সময় তার কাছে গুলিসহ একটি ‘অবৈধ অস্ত্র’ পাওয়া যায় বলেও জানান র‌্যাব কর্মকর্তা সারওয়ার। র‌্যাবের অতিরিক্ত মহাপরিচালক (অপারেশন) কর্নেল তোফায়েল মোস্তফা সারোয়ার বলেন, দালালের মাধ্যমে লবঙ্গবতী নদীর ইছামতিখাল দিয়ে সীমান্ত পার হওয়ার চেষ্টা করছিলেন সাহেদ। “গোপন সংবাদের ভিত্তিতে রাত ২টা থেকে ওই এলাকায় অভিযান শুরু করেন র‌্যাব সদস্যরা। কিন্তু সে ঘনঘন স্থান পরিবর্তন করায় গ্রেপ্তার করতে একটু সময় লেগেছে। ”গ্রেপ্তার সাহেদকে নিয়ে অভিযানসাহেদকে ঢাকায় আনার পর সকালে উত্তরা ১১ নম্বর সেক্টরের ২০ নম্বর সড়কের ৬২ নম্বর বাড়ির একটি ফ্ল্যাটে অভিযান চালায় র‌্যাব। সেটি সাহেদেরই আরেকটি অফিস বলে জানানো হয়েছে। সংবাদ সম্মেলনে র‌্যাবের মহাপরিচালক আল মামুন বলেন, ওই কার্যালয়ে অভিযান চালিয়ে প্রায় এক লাখ ৪৬ হাজার জাল বাংলাদেশি টাকা উদ্ধার করা হয়েছে। সাহেদের বিরুদ্ধে মূল অভিযোগ রিজেন্ট হাসপাতালকেন্দ্রিক। র‌্যাবপ্রধান বলেন, রিজেন্ট হাসপাতাল থেকে কোভিড-১৯ এর প্রায় ১০ হাজার নমুনা পরীক্ষা করে ছয় হাজারের মতো ভুয়া রিপোর্ট দেওয়া হয় বলে প্রাথমিক তদন্তে তারা জানতে পেরেছেন। এছাড়া সাহেদ একদিকে রোগীর কাছ থেকে টাকা নিয়েছেন, অন্য দিকে স্বাস্থ্য মন্ত্রণালয়ে টাকা চেয়ে বিল জমা দিয়েছেন। এছাড়াও সাহেদের বিরুদ্ধে আরও প্রতারণার খোঁজ বেরিয়ে আসছে এখন। দাপট দেখিয়েই চট্টগ্রামের ওই ব্যবসায়ীকে বশ করেন সাহেদ  রিজেন্টের সাহেদকে গ্রেপ্তারে পরোয়ানা  সাহেদের ‘অবৈধ সম্পদের’ খোঁজে দুদক  রিজেন্টের সাহেদের ‘অপকর্মে’ ক্ষুব্ধ সাতক্ষীরার মানুষ  র‌্যাব মহাপরিচালক বলেন, রিকশাচালক, বালু ব্যবসয়ীদের সঙ্গে ব্যবসার নামে প্রতারণা ছাড়াও এমএলএম ব্যবসার নামে কোটি কোটি হাতিয়ে নেওয়ার খবরও মিলেছে। তার বিরুদ্ধে কয়টি মামলা আছে, তা সুনির্দিষ্ট করে বলতে পারেননি আল মামুন। তবে তিনি বলেন, “পঞ্চাশটির অধিক মামলা আছে, এরকম শোনা গেছে। আমরা যাচাই করে দেখছি। ”সাহেদ গ্রেপ্তার হওয়ার খবরে অনেকেই র‌্যাব কার্যালয়ে এসে অভিযোগ করছেন। সে বিষয়ে কী পদক্ষেপ নেবেন-জানতে চাইলে র‌্যাব মহাপরিচালক বলেন, “যারা আসছেন তাদের আইনের আশ্রয় নিতে পরামর্শ দেওয়া হচ্ছে। ”গ্রেপ্তার সাহেদকে প্রায় ১২ ঘণ্টা নিজেদের হেফাজতে রেখে সংবাদ সম্মেলনের পর গোয়েন্দা পুলিশের (ডিবি) কাছে তুলে দেওয়া হবে বলে র‌্যাব জানায়। র‌্যাবের মামলাটি এখন ডিবিই তদন্ত করছে।", "article_category": "bangladesh"}