{"article_id": "article1780715.bdnews", "article_title": "সাহেদকে গ্রেপ্তারের পর উত্তরার এক বাড়িতে অভিযান", "article_by": "জ্যেষ্ঠ প্রতিবেদক  বিডিনিউজ টোয়েন্টিফোর ডটকম", "article_published": "15 Jul 2020 12:09 PM BdST", "article_updated": "15 Jul 2020 01:30 PM BdST", "article_leadtext": "বিতর্কিত ব্যবসায়ী রিজেন্ট গ্রুপের চেয়ারম্যান মোহাম্মদ সাহেদকে গ্রেপ্তারের পর তাকে নিয়ে ঢাকার উত্তরার একটি বাড়িতে অভিযান শুরু করেছে র‌্যাব।", "article_text": "বিতর্কিত ব্যবসায়ী রিজেন্ট গ্রুপের চেয়ারম্যান মোহাম্মদ সাহেদকে গ্রেপ্তারের পর তাকে নিয়ে ঢাকার উত্তরার একটি বাড়িতে অভিযান শুরু করেছে র‌্যাব। বুধবার সকালে উত্তরা ১১ নম্বর সেক্টরের ২০ নম্বর সড়কের ৬২ নম্বর বাড়ির একটি ফ্ল্যাটে এই অভিযান শুরু হয়। কী কারণে সেখানে অভিযান জানতে চাইলে র‌্যাবের আইন ও গণমাধ্যম শাখার পরিচালক লেফটেন্যান্ট কর্নেল আশিক বিল্লাহ বিডিনিউজ টোয়েন্টিফোর ডটকমকে বলেন, “এটা সাহেদের দ্বিতীয় অফিস। ”এই ফ্ল্যাটের খবর আগে পায়নি র‌্যাব। সাহেদকে গ্রেপ্তারের পর তার কাছে এই ফ্ল্যাটের হদিস মেলে বলে র‌্যাব কর্মকর্তারা জানিয়েছেন। করোনাভাইরাস মহামারীর মধ্যে চিকিৎসার নামে প্রতারণা আর জালিয়াতির মামলায় এক সপ্তাহ ধরে পলাতক মোহাম্মদ সাহেদ ওরফে সাহেদ করিমকে সাতক্ষীরার দেবহাটা সীমান্ত থেকে বুধবার ভোরে গ্রেপ্তারের পর হেলিকপ্টারে তাকে ঢাকায় নিয়ে আসা হয়। সাহেদ বোরকা পরে ভারতে পালানোর চেষ্টায় ছিলেন বলে র‌্যাব কর্মকর্তারা জানিয়েছেন। সকাল ৯টার দিকে সাহেদকে ঢাকায় আনার পর উত্তরায় র‌্যাব সদরদপ্তরে রাখা হয়। সেখান থেকে তাকে নিয়ে শুরু হয় অভিযান। গত ৬ ও ৭ জুলাই উত্তরার রিজেন্ট হাসপাতাল এবং রিজেন্ট গ্রুপের প্রধান দপ্তরে র‌্যাবের অভিযান চালায় র‌্যাব। কোভিড-১৯ পরীক্ষার প্রতিবেদন নিয়ে প্রতারণার অভিযোগ পাওয়ার পর ওই হাসপাতালে অভিযান চালায় র‌্যাব। জানা যায়, ‘কোভিড ডেডিকেটেড’ হাসপাতাল হিসেবে চিকিৎসা দিয়ে আসা এ চিকিৎসালয়ের লাইসেন্সের মেয়াদই পার হয়ে গেছে বহু আগে। অভিযানে করোনাভাইরাস পরীক্ষার ভুয়া রিপোর্ট, করোনাভাইরাস চিকিৎসার নামে রোগীদের কাছ থেকে অর্থ আদায়সহ নানা অনিয়মের প্রমাণ পাওয়ার পর রিজেন্ট হাসপাতালের উত্তরা ও মিরপুর শাখা বন্ধ করে দেওয়া হয়। কোভিড-১৯ পরীক্ষার নামে জালিয়াতির অভিযোগে রাজধানীর উত্তরা পশ্চিম থানায় দায়ের করা র‌্যাবের মামলায় বলা হয়েছে, ভুয়া প্রতিবেদন দিয়ে প্রায় ছয় হাজার লোকের কাছ থেকে দুই কোটি ১০ লাখ টাকা আদায় করেছে রিজেন্ট। ওই মামলায় সাহেদসহ ১৭ জন আসামি। বোরকা পরে নৌকায় চড়ে পালাচ্ছিলেন সাহেদ: র‌্যাব   সাতক্ষীরায় গ্রেপ্তার সাহেদকে আনা হল ঢাকায়  ‘প্রতারক’ সাহেদনামা", "article_category": "bangladesh"}