{"article_id": "article1780894.bdnews", "article_title": "কোভিড-১৯: সাবেক নৌবাহিনী প্রধান মোহাইমিনুলের মৃত্যু", "article_by": "জ্যেষ্ঠ প্রতিবেদক, বিডিনিউজ টোয়েন্টিফোর ডটকম", "article_published": "15 Jul 2020 08:08 PM BdST", "article_updated": "15 Jul 2020 08:08 PM BdST", "article_leadtext": "সাবেক নৌবাহিনী প্রধান রিয়ার অ্যাডমিরাল মোহাম্মদ মোহাইমিনুল ইসলাম করোনাভাইরাসে আক্রান্ত হয়ে মারা গেছেন।", "article_text": "সাবেক নৌবাহিনী প্রধান রিয়ার অ্যাডমিরাল মোহাম্মদ মোহাইমিনুল ইসলাম করোনাভাইরাসে আক্রান্ত হয়ে মারা গেছেন। ঢাকার সম্মিলিত সামরিক হাসপাতালে চিকিৎসাধীন অবস্থায় মঙ্গলবার রাতে তার মৃত্যু হয় বলে বুধবার আন্তঃবাহিনী জনসংযোগ পরিদপ্তরের (আইএসপিআর) এক সংবাদ বিজ্ঞপ্তিতে জানানো হয়। আইএসপিআর জানিয়েছে, দীর্ঘদিন ধরে কিডনি জটিলতায় ভুগছিলেন মোহাইমিনুল ইসলাম। এর মধ্যে করোনাভাইরাসের সংক্রমণ ধরা পড়লে গত ১ জুলাই তাকে ঢাকা সিএমএইচে ভর্তি করা হয়েছিল। ১৯৯১ থেকে ১৯৯৫ সাল পর্যন্ত বাংলাদেশ নৌবাহিনীর প্রধানের দায়িত্ব পালন করা মোহাইমিনুল ইসলামের বয়স হয়েছিল ৭৯ বছর। বুধবার আসরের নামাজের পর নৌ-সদরদপ্তর মসজিদে জানাজা শেষে বনানীর সামরিক কবরস্থানে তাকে দাফন করা হয়। রিয়ার অ্যাডমিরাল মোহাম্মদ মোহাইমিনুল ইসলাম তার দীর্ঘ পেশা জীবনে বিভিন্ন জাহাজ ও ঘাঁটির অধিনায়কসহ বিভিন্ন গুরুত্বপূর্ণ দায়িত্ব পালন করেছেন। বিএন ফ্লিট, চট্টগ্রাম নৌ-অঞ্চল, ডকইয়ার্ড এবং নৌ প্রশাসনিক কর্তৃপক্ষের বিভিন্ন পদে তিনি কাজ করেছেন। এছাড়া তিনি নৌ সদরদপ্তরে বিভিন্ন পরিদপ্তরের পরিচালক এবং সহকারী নৌ প্রধান হিসেবেও দায়িত্ব পালন করেছেন নৌবাহিনী প্রধানের দায়িত্ব পাওয়ার আগে। ১৯৯৪১ সালে জন্ম নেওয়া মোহাইমিনুল ইসলাম ১৯৫৯ সালে পাকিস্তান নেভাল অ্যাকাডেমিতে অফিসার ক্যাডেট হিসেবে যোগ দেন এবং ১৯৬৩ সালের ১ ডিসেম্বর কমিশন পান। তুরস্ক ও ফ্রান্সে সাবমেরিনের উপর বিশেষায়িত কোর্স করেছিলেন তিনি, গ্র্যাজুয়েশন করেছিলেন যুক্তরাষ্টের নেভাল কমান্ড কলেজ থেকে। থাইল্যান্ডের রাজা ‘নাইট গ্রান্ড ক্রস’ উপাধিতে ভূষিত করেছিলেন বাংলাদেশ নৌবাহিনীর এই সাবেক প্রধানকে।", "article_category": "bangladesh"}