{"article_id": "article1771738.bdnews", "article_title": "করোনাভাইরাসে সিমেন্ট খাতে ক্ষতি ‘৩ হাজার কোটি টাকা’", "article_by": "নিজস্ব প্রতিবেদক  বিডিনিউজ টোয়েন্টিফোর ডটকম", "article_published": "20 Jun 2020 02:44 AM BdST", "article_updated": "20 Jun 2020 02:45 AM BdST", "article_leadtext": "করোনাভাইরাস সংকটে বাংলাদেশের সিমেন্ট খাতে প্রায় তিন হাজার কোটি টাকার ক্ষতি হয়েছে বলে দাবি করেছে বাংলাদেশ সিমেন্ট ম্যানুফ্যাকচারার্স অ্যাসোসিয়েশন (বিসিএমএ)।", "article_text": "করোনাভাইরাস সংকটে বাংলাদেশের সিমেন্ট খাতে প্রায় তিন হাজার কোটি টাকার ক্ষতি হয়েছে বলে দাবি করেছে বাংলাদেশ সিমেন্ট ম্যানুফ্যাকচারার্স অ্যাসোসিয়েশন (বিসিএমএ)। বৃহস্পতিবার বিসিএমএ’র সভাপতি এবং ক্রাউন সিমেন্টের ভাইস-চেয়ারম্যান আলমগীর কবির ২০২০-২১ অর্থবছরের বাজেট নিয়ে এক অনলাইন সংবাদ সম্মেলনে এই বক্তব্যের পাশাপাশি দুটি দাবি তুলে ধরেন। সংবাদ সম্মেলন আলমগীর কবির বলেন, “সরকার ঘোষিত লকডাউন শুরু হওয়ার পর থেকে পুরো এপ্রিল মাস পর্যন্ত সিমেন্ট কারখানাগুলোতে ৯০ ভাগ উৎপাদন বন্ধ ছিল, যেটা এখন ৬০ শতাংশে দাঁড়িয়েছে। অথচ শ্রমিক-কর্মচারীদের বেতন-ভাতা চালিয়ে যেতে হচ্ছে। “পাশাপাশি অন্যান্য নিয়মিত খরচও প্রতিনিয়ত চালিয়ে যেতে হচ্ছে। অর্থাৎ পরিচালন খরচ কমেনি। এখনও পর্যন্ত বোঝা যাচ্ছে না এই অবস্থা কতদিন চলবে। যদি খুচরা বাজার মূল্য অনুযায়ী হিসাব করা হয় তাহলে দেখা যাবে যে, বাংলাদেশে করোনাভাইরাস শনাক্তের পর থেকে এ পর্যন্ত সিমেন্ট খাতে ক্ষতির পরিমাণ দাঁড়িয়েছে প্রায় ৩,০০০ কোটি টাকা। ”বিসিএমএর সভাপতি বলেন, “আমরা সরকারের কাছে বাজেটের আগে আবেদন করেছিলাম উৎপাদনে ব্যবহার্য প্রধান কাঁচামাল ক্লিংকারের ওপর আরোপিত নির্ধারিত শুল্ক প্রতি মেট্রিক টনে ৫০০ টাকা থেকে হ্রাস করে ৩০০ টাকায় নির্ধারণ করার এবং আমদানি স্থলে ৩ শতাংশ অগ্রিম আয়কর ও সরবরাহের বিপরীতে অসমন্বয়যোগ্য ন্যূনতম ৩ শতাংশ আয়কর প্রত্যাহার করার। “কিন্তু বাজেট প্রস্তাবনায় এর কোনোটিরই প্রতিফলন না হওয়ায় আমরা যথেষ্ট হতাশ হয়েছি। তাই এই শিল্প খাতকে ধ্বংসের হাত থেকে রক্ষা করার জন্য ২০২০-২১ অর্থবছরে প্রস্তাবিত বাজেটে এই সংশোধনগুলো আনার আহ্বান জানাচ্ছি। ”আলমগীর কবির বলেন, প্রথমে চলতি বছরের অর্থাৎ ২০১৯-২০ অর্থবছরের বাজেটে এই অগ্রিম আয়কর ৫ শতাংশ নির্ধারণ করা হয় এবং তা অসমন্বয়যোগ্য বলে চূড়ান্ত দায় হিসাবে বাস্তবায়ন করা হয়। অর্থাৎ কোনো কোম্পানি মুনাফা করুক বা লোকসান করুক তাকে ৫ শতাংশ অগ্রিম আয়কর দিতেই হবে। “এটা আসলে কেউ বেধে দিতে পারে না। একটি গণতান্ত্রিক সরকার ব্যবস্থায় এটা থাকা উচিত না। সিমেন্ট উদ্যোক্তারা সরকারি নীতি নির্ধারকদের সাথে অনেক দেন দরবারের পরে যদিও এই অগ্রিম আয়কর ৩% করা হয়েছে। সিমেন্ট খাতের শিল্প উদ্যোক্তাদের মতে অগ্রিম আয়কর অসমন্বয়যোগ্য হওয়ার কারণে কোম্পানিগুলোর পুঁজি থেকে এটি চলে যাচ্ছে। “তাই আমরা চাই, এই অগ্রিম আয়কর সম্পূর্ণ প্রত্যাহার করা হোক। নিদেনপক্ষে এটি সমন্বয়যোগ্য কর হিসাবে ঘোষণা করা হোক। ”অগ্রিম আয়করের পাশাপাশি সিমেন্ট খাতে আমদানি শুল্ক নিয়েও আপত্তি জানান আলমগীর কবির। তিনি বলেন, “এ খাতে আমদানি শুল্ক যেটা আরোপ করা আছে সেটা অত্যন্ত অযৌক্তিক। সিমেন্টের প্রধান কাঁচামাল ক্লিংকার আমদানিতে শুল্ক টন প্রতি ৫০০ টাকা আরোপ করা আছে, যেটা কোনোভাবেই অন্য কোনো দেশের সাথে সামঞ্জস্যপূর্ণ নয়। যেহেতু আমরা প্রতি টন ক্লিংকার বর্তমানে ৪২ ডলার হিসাবে আমদানি করে থাকি, সেই হিসাবে এই ৫০০ টাকা আমদানি শুল্ক শতাংশের হিসাবে ১৪% হয়, যা কখনোই হতে পারে না। “আর বাংলাদেশেও অন্য কোনো শিল্প খাতে এত পরিমাণ আমদানি শুল্ক আরোপ করা নেই। এটা বড় জোর ৫% থেকে ১০% হতে পারে। কিন্তু সিমেন্ট খাতের ওপর এটা চাপিয়ে দেয়া হয়েছে। উদ্যোক্তাদের দাবি, এই আমদানি শুল্ক কমপক্ষে ৫% করা অথবা প্রতি টন ৩০০ টাকায় নির্ধারণ করা। ”", "article_category": "business"}