{"article_id": "article1779637.bdnews", "article_title": "বনানী-মহাখালীতে ১২ ঘণ্টা গ্যাস বন্ধ", "article_by": "নিজস্ব প্রতিবেদক, বিডিনিউজ টোয়েন্টিফোর ডটকম", "article_published": "12 Jul 2020 12:54 PM BdST", "article_updated": "12 Jul 2020 12:54 PM BdST", "article_leadtext": "গ্যাস লাইন সংস্কারকাজ শেষ না হওয়ায় ছয় দিনের মাথায় ১২ ঘণ্টার জন্য আবারও বনানী থেকে মহাখালী পর্যন্ত এলাকার গ্যাস সরবরাহ বন্ধ রয়েছে।", "article_text": "গ্যাস লাইন সংস্কারকাজ শেষ না হওয়ায় ছয় দিনের মাথায় ১২ ঘণ্টার জন্য আবারও বনানী থেকে মহাখালী পর্যন্ত এলাকার গ্যাস সরবরাহ বন্ধ রয়েছে। রোববার সকাল ৮টা থেকে রাত ৮টা পর্যন্ত এই অঞ্চলে গ্যাস সরবরাহ বন্ধ থাকবে বলে তিতাসের এক বিজ্ঞপ্তিতে জানানো হয়েছে। তিতাসের জনসংযোগ শাখার ব্যবস্থাপক মির্জা মাহবুব হোসেন বিডিনিউজ টোয়েন্টিফোর ডটকমকে বলেন, গত ৭ জুলায় এই লাইনের গ্যাস বন্ধ করে একটি ২৪ ইঞ্চি লাইনে ‘টাই-ইন’ কাজ করার চেষ্টা করা হয়েছিল। “কিন্তু সেদিন কাজ সম্পন্ন না হওয়ায় আজ আবার চেষ্টা করা হচ্ছে। গত ৭ জুলাই থেকে আরও বেশি সময় নিয়ে আজকে সংস্কার করা লাইনটির যথার্থতা যাচাই করা হচ্ছে। ”", "article_category": "bangladesh"}