{"article_id": "article1779631.bdnews", "article_title": "বিমানে আবুধাবী, দুবাই যেতে লাগবে করোনাভাইরাসমুক্ত সনদ", "article_by": "নিজস্ব প্রতিবেদক, বিডিনিউজ টোয়েন্টিফোর ডটকম", "article_published": "12 Jul 2020 12:15 PM BdST", "article_updated": "12 Jul 2020 02:11 PM BdST", "article_leadtext": "কেবলমাত্র করোনাভাইরাসমুক্ত সনদধারীরাই বাংলাদেশ বিমানের ফ্লাইটে আবুধাবি ও দুবাই যেতে পারবেন।", "article_text": "কেবলমাত্র করোনাভাইরাসমুক্ত সনদধারীরাই বাংলাদেশ বিমানের ফ্লাইটে আবুধাবি ও দুবাই যেতে পারবেন। শনিবার রাতে বিমান বাংলাদেশ এয়ারলাইন্সের এক সংবাদ বিজ্ঞপ্তিতে এ তথ্য জানানো হয়েছে। বিজ্ঞপ্তিতে বলা হয়, ১৪ জুলাই থেকে আবুধাবিগামী ও ১৭ জুলাই থেকে দুবাইগামী বিমান বাংলাদেশ এয়ারলাইন্সের যাত্রীদেরকে সংযুক্ত আরব আমিরাত (ইউএই) সরকারে অনুমোদিত বাংলাদেশের পরীক্ষাগার থেকে কোভিড-১৯ এর পিসিআর টেস্ট সম্পন্ন করে সার্টিফিকেট নিতে হবে। “এই পরীক্ষা ভ্রমণ/যাত্রার ৯৬ ঘণ্টার মধ্যে সম্পন্ন করতে হবে। কেবলমাত্র নেগেটিভ সার্টিফিকেটধারী আবুধাবি ও দুবাইগামী যাত্রীরাই বিমানে ভ্রমণ করতে পারবেন। ”অনুমোদিত পরীক্ষাগারের তালিকা বিমানের ওয়েবসাইটে পাওয়া যাবে বলে বিজ্ঞপ্তিতে জানানো হয়েছে।", "article_category": "bangladesh"}