{"article_id": "article1776298.bdnews", "article_title": "বিকাশ অ্যাকাউন্ট নেই এমন নম্বরেও টাকা পাঠানো যাবে", "article_by": "নিজস্ব প্রতিবেদক, বিডিনিউজ টোয়েন্টিফোর ডটকম", "article_published": "02 Jul 2020 07:00 PM BdST", "article_updated": "02 Jul 2020 07:00 PM BdST", "article_leadtext": "গ্রাহকদের সুবিধায় বিকাশ অ্যাকাউন্ট নেই এমন নম্বরেও টাকা পাঠানোর সেবা চালু করেছে মোবাইল আর্থিক সেবাদানকারী প্রতিষ্ঠান বিকাশ।", "article_text": "গ্রাহকদের সুবিধায় বিকাশ অ্যাকাউন্ট নেই এমন নম্বরেও টাকা পাঠানোর সেবা চালু করেছে মোবাইল আর্থিক সেবাদানকারী প্রতিষ্ঠান বিকাশ। বিকাশ জানিয়েছে, গ্রাহক অ্যাপ অথবা *২৪৭# ব্যবহার করে যেকোনো নম্বরে টাকা পাঠানো যাবে। যে নম্বরে টাকা পাঠানো হবে সেই গ্রাহক টাকা পাওয়ার ৭২ ঘণ্টার মধ্যে বিকাশ অ্যাকাউন্ট খুলে টাকা ক্যাশআউট করাসহ অন্যান্য সব সেবা ব্যবহার করতে পারবেন। কোনো কারণে টাকা গ্রহীতা যদি ৭২ ঘণ্টার মধ্যে অ্যাকাউন্ট খুলতে না পারেন, তাহলে পাঠানো টাকা আবার প্রেরকের বিকাশ অ্যাকাউন্টে তিন কার্য দিবসের মধ্যে ফেরত চলে যাবে। নতুন এই সেবা চালু করা উপলক্ষে ১ জুলাই থেকে ৩০ সেপ্টেম্বর পর্যন্ত ক্যাশব্যাক দিচ্ছে বিকাশ। বিকাশ অ্যাকাউন্ট নেই এমন নম্বরে সেন্ডমানি সফল হলে প্রেরক বিকাশ গ্রাহক পেয়ে যাবেন ১৫ টাকা ক্যাশব্যাক। এভাবে একমাসে সর্বোচ্চ ৫০০ টাকা পেতে পারেন একজন গ্রাহক। অ্যাপ বা ইউএসএসডি উভয় সেবার জন্যই অফারটি প্রযোজ্য হবে। বিকাশ অ্যাপ ব্যবহার করে টাকা পাঠাতে হোম স্ক্রিন থেকে সেন্ড মানি অপশন নির্বাচন করতে হবে। মোবাইলের কন্টাক্ট লিস্ট থেকে নম্বর নির্বাচন করতে হবে অথবা টাইপ করে লিখতে হবে। এসময় গ্রাহক একটি বাড়তি তথ্য স্ক্রিনে দেখতে পাবেন। এরপর টাকার অংক ও পিন দিয়ে টাকা পাঠাতে পারবেন। প্রাপক বিকাশ অ্যাপের ডাউনলোড লিংকসহ মেসেজ পাবেন। লিংকে ক্লিক করে অ্যাপ ডাউনলোড করে কয়েক মিনিটেই নিজের জাতীয় পরিচয়পত্র দিয়ে অ্যাকাউন্ট খুলে নিতে পারবেন অথবা বিকাশের নিকটস্থ ডিজিটাল রেজিস্ট্রেশন পয়েন্টে গিয়েও অ্যাকাউন্ট খুলে টাকা তুলে নিতে পারবেন। বিকাশ গ্রাহক যিনি টাকা পাঠিয়েছেন, তিনি চাইলে প্রাপকের বিকাশ অ্যাকাউন্ট খোলার আগ পর্যন্ত সময়ের মধ্যে লেনদেনটি বাতিল করে দিতে পারেন। অ্যাপ থেকে সেন্ডমানি অপশনে গিয়ে ট্রানজেকশননের পাশে ক্লিক করে সেবাটি বাতিল করে দিতে পারবেন এবং পাঠানো টাকা নিজের অ্যাকাউন্টে ফেরত পেয়ে যাবেন। তবে *২৪৭# ব্যবহার করে টাকা পাঠালে এই সুযোগটি থাকবে না। সেক্ষেত্রে প্রাপক ৭২ ঘণ্টার মধ্যে বিকাশ অ্যাকাউন্টটি না খুললে প্রেরক তার পাঠানো টাকা নিজের বিকাশ অ্যাকাউন্টে ফেরত পাবেন।", "article_category": "business"}