{"article_id": "article1776240.bdnews", "article_title": "ঈদে স্যামসাং ফ্রিজ কিনলে ৪০ হাজার টাকা ‘ক্যাশব্যাক’", "article_by": "নিজস্ব প্রতিবেদক, বিডিনিউজ টোয়েন্টিফোর ডটকম", "article_published": "02 Jul 2020 04:50 PM BdST", "article_updated": "02 Jul 2020 04:50 PM BdST", "article_leadtext": "কোরবানির ঈদ উপলক্ষ্যে ক্রেতাদের ‘মূল্য ছাড়’, ‘বান্ডেল অফারসহ’ নানা ধরনের অফার দিয়ে প্রমোশনাল ক্যাম্পেইন চালু করেছে স্যামসাং বাংলাদেশ।", "article_text": "কোরবানির ঈদ উপলক্ষ্যে ক্রেতাদের ‘মূল্য ছাড়’, ‘বান্ডেল অফারসহ’ নানা ধরনের অফার দিয়ে প্রমোশনাল ক্যাম্পেইন চালু করেছে স্যামসাং বাংলাদেশ। ‘আসবে ইদ হাসবে ঘর’ শীর্ষক ক্যাম্পেইন সারা দেশে চলবে পুরো জুলাই মাস জুড়ে। সরাসরি শো-রুম থেকে পণ্য কেনার পাশাপাশি অনলাইনে কেনাকাটা করলেও অফারগুলো পাওয়া যাবে। স্যামসাং বাংলাদেশের পক্ষ থেকে সর্বোচ্চ স্বাস্থ্যবিধি ও সুরক্ষা মেনেই ক্রেতাদের বাড়িতে পণ্য পৌঁছে দেয়া হবে। প্রতিষ্ঠানটির এক সংবাদ বিজ্ঞপ্তিতে বলা হয়, এ ক্যাম্পেইনে ক্রেতারা টেলিভিশন কেনার ক্ষেত্রে ২ লাখ টাকা পর্যন্ত ক্যাশব্যাক সুবিধা পেতে পারেন। স্যামসাং টেলিভিশন কেনার ক্ষেত্রে ক্রেতাদের জন্য বিভিন্ন ‘বান্ডেল অফার’ ঘোষণা করা হয়েছে। ক্রেতারা যদি ৫০ ইঞ্চি কিংবা তদূর্ধ্ব আকারের টেলিভিশনের সাথে সাউন্ড বার কিনতে চান, তবে সাউন্ড বারে তারা ৫০ শতাংশ মূল্য ছাড় পাবেন। অন্য বান্ডেল অফারের আওতায় রেফ্রিজারেটর কিংবা ওয়াশিং মেশিনের সাথে টেলিভিশন কিনলে ৫ হাজার টাকা অতিরিক্ত মূল্যছাড় সুবিধা পাওয়া যাবে। স্যামসাং টেলিভিশন কেনার ক্ষেত্রে ২০ হাজার টাকা পর্যন্ত এক্সচেঞ্জ সুবিধাও দেওয়া হবে। এছাড়া ক্রেতারা চার বছর পর্যন্ত বর্ধিত প্যানেল ওয়্যারেন্টি সুবিধা পেতে কেয়ারপ্যাক কিনতে পারবেন। রেফ্রিজারেটর কেনার ক্ষেত্রে ৪০ হাজার টাকা পর্যন্ত ক্যাশব্যাক সুবিধা এবং রেফ্রিজারেটর ২৪ হাজার টাকা পর্যন্ত এক্সচেঞ্জ সুবিধা পাওয়া যাবে বলেও সংবাদ বিজ্ঞপ্তিতে জানানো হয়ে্যেছ। ক্রেতাদের সুবিধার জন্য এ ক্যাম্পেইনের আওতায় প্রতিষ্ঠানটি সাইড-বাই-সাইড রেফ্রিজারেটরের সাথে মাইক্রোওয়েভ ওভেন ক্রয়ে ৫০ শতাংশ মূল্যছাড় দিচ্ছে স্যামসাং। স্যামসাংয়ের যেকোনো মাইক্রোওয়েভ ওভেন কিনলে দুই হাজার টাকা পর্যন্ত ক্যাশব্যাক পাওয়া যাবে। এছাড়া এয়ার কন্ডিশনার কিনলে পাওয়া যাবে পাঁচ হাজার টাকা পর্যন্ত ক্যাশব্যাক। আর ওয়াশিং মেশিন কিনলে ১০ শতাংশ পর্যন্ত ক্যাশব্যাক পাওয়া যাবে। স্যামসাং বাংলাদেশের কনজ্যুমার ইলেক্ট্রনিক্সের হেড অব বিজনেস শাহরিয়ার বিন লুৎফর বলেন, “আমাদের অগ্রাধিকারের মূলে রয়েছে ক্রেতা সন্তুষ্টি। এজন্য ক্রেতা ও তাদের পরিবারের সুবিধার্থে আমরা প্রতিনিয়ত বিভিন্ন ধরনের পদক্ষেপ গ্রহণে প্রতিশ্রুতিবদ্ধ। “বৈশ্বিক মহামারী ইতিমধ্যেই আমাদেরকে নানাভাবে ক্ষতিগ্রস্ত করেছে এবং এ সময়ে ইদুল আজহার প্রাক্কালে বিভিন্ন অফার নিয়ে ক্রেতাদের পাশে থাকতেই আমাদের নতুন এ ক্যাম্পেইন। এ সময়ে প্রয়োজনীয় পণ্যসামগ্রী ক্রয়ে এ ক্যাম্পেইন তাদের জন্য সহায়ক হবে। ”", "article_category": "business"}