{"article_id": "article1772639.bdnews", "article_title": "পুলিশ ও চিকিৎসকদের সুরক্ষা সামগ্রী দিল প্রাণ-আরএফএল", "article_by": "", "article_published": "22 Jun 2020 09:43 PM BdST", "article_updated": "22 Jun 2020 09:43 PM BdST", "article_leadtext": "চট্টগ্রামে কর্মরত পুলিশ, চিকিৎসক ও স্বাস্থ্যকর্মীদের নিরাপত্তার জন্য সুরক্ষা সামগ্রী দিয়েছে প্রাণ-আরএফএল গ্রুপ।", "article_text": "চট্টগ্রামে কর্মরত পুলিশ, চিকিৎসক ও স্বাস্থ্যকর্মীদের নিরাপত্তার জন্য সুরক্ষা সামগ্রী দিয়েছে প্রাণ-আরএফএল গ্রুপ। রোববার প্রাণ-আরএফএল গ্রুপের হেড অব কর্পোরেট ব্র্যান্ড নুরুল আফসার এসব পণ্য সামগ্রী হস্তান্তর করেন বলে কোম্পানির এক সংবাদ বিজ্ঞপ্তিতে জানান হয়। চট্টগ্রাম বিভাগীয় কমিশনার ও বিভাগীয় করোনা প্রতিরোধ কমিটির সভাপতি এ বি এম আজাদ এবং চট্টগ্রাম মেট্রোপলিটন পুলিশের অতিরিক্ত পুলিশ কমিশনার (প্রশাসন ও অর্থ) আমেনা বেগম এসব পণ্য গ্রহণ করেন। প্রাণ-আরএফএল গ্রুপের বিপণন পরিচালক কামরুজ্জামান কামাল বলেন, “করোনাভাইরাস মোকাবেলার লড়াইয়ে প্রথম থেকেই বিভিন্ন ভাবে দেশ ও মানুষের পাশে দাঁড়িয়েছে প্রাণ-আরএফএল গ্রুপ। এরই অংশ হিসাবে, এবার চট্টগ্রাম মেট্রোপলিটন পুলিশ ও চট্টগ্রামের হাসপাতালে গেটওয়েল ব্র্যান্ডের সার্জিক্যাল মাস্ক, হ্যান্ড স্যানিটাইজার ও পিপিই দেওয়া হল। ”তিনি আরও বলেন, “পুলিশ সদস্য, চিকিৎসক ও স্বাস্থ্যকর্মীরা জীবনের ঝুঁকি নিয়ে এসময় ভাইরাসের সংক্রমণ ঠেকাতে কাজ করছেন। তাদের পেশাদারিত্ব ও নিরলস পরিশ্রমের প্রতি সম্মান ও কৃতজ্ঞতা জানাতে আমাদের এই ক্ষুদ্র প্রয়াস। ” এর আগে করোনা ভাইরাসে আক্রান্ত রোগীদের সুচিকিৎসা নিশ্চিত করতে নাটোরে আমজাদ খান চৌধুরী মেমোরিয়াল হাসপাতালে একটি আইসোলেশন ইউনিট চালু করেছে। এছাড়া স্বাস্থ্য অধিদপ্তর, ঢাকা ও ভোলায় ১০টি হাসপাতালে মাস্ক, পিপিই হ্যান্ড গ্লাভস, হ্যান্ড স্যানিটাইজার ও করোনার নমুনা সংগ্রহের বুথ প্রদান করেছে প্রাণ-আরএফএল। অন্যদিকে করোনাভাইরাসের সংক্রমণ ঠেকাতে দেশজুড়ে সাধারণ ছুটির সময় ‘পাশে আছি বাংলাদেশ’ কর্মসূচির আওতায় তিন ধাপে কর্মহীন হয়ে পড়া প্রায় ৬০ হাজার অসহায় ও দরিদ্র পরিবারকে খাদ্য সহায়তা দেওয়া হয়েছে বলেও প্রাণ-আরএফএলের পক্ষ থেকে জানানো হয়।", "article_category": "business"}