{"article_id": "article1778452.bdnews", "article_title": "টিএন্ডটি শিক্ষা প্রতিষ্ঠানে ডিজিটালি পাঠদান শুরু", "article_by": "জ্যেষ্ঠ প্রতিবেদক, বিডিনিউজ টোয়েন্টিফোর ডটকম", "article_published": "08 Jul 2020 10:23 PM BdST", "article_updated": "08 Jul 2020 10:26 PM BdST", "article_leadtext": "প্রচলিত পাঠদান পদ্ধতির পরিবর্তে ডিজিটাল পদ্ধতিতে পাঠদানের প্রাতিষ্ঠানিক যাত্রা শুরু হল রাষ্ট্রায়ত্ত টেলিযোগাযোগ কোম্পানি বিটিসিএল পরিচালিত শিক্ষা প্রতিষ্ঠানগুলোতে।", "article_text": "প্রচলিত পাঠদান পদ্ধতির পরিবর্তে ডিজিটাল পদ্ধতিতে পাঠদানের প্রাতিষ্ঠানিক যাত্রা শুরু হল রাষ্ট্রায়ত্ত টেলিযোগাযোগ কোম্পানি বিটিসিএল পরিচালিত শিক্ষা প্রতিষ্ঠানগুলোতে। বুধবার ডাক ও টেলিযোগযোগ বিভাগ এক সংবাদ বিজ্ঞপ্তিতে জানিয়েছে, এই পদ্ধতিটি চালু হওয়ার ফলে শিক্ষার্থীদের বই খাতা, কলম কিংবা চক-ডাস্টার পদ্ধতিতে প্রচলিত পাঠদান পদ্ধতির পরিবর্তে ডিজিটাল পদ্ধতিতে পাঠদানের প্রাতিষ্ঠানিক যাত্রা শুরু হল। বিটিসিএল পরিচালনাধীন ৮টি টিএন্ডটি শিক্ষা প্রতিষ্ঠানগুলোতে প্রাথমিকভাবে প্রি-স্কুল থেকে চতুর্থ শ্রেণি পর্যন্ত এই শিক্ষা কার্যক্রম চালু করা হচ্ছে। এই পদ্ধতিতে মোবাইল বা ট্যাবে বোর্ডের পাঠ্যসূচি  ডিজিটাল অ্যানিমেশনের মাধ্যমে তৈরি করা সফটওয়্যারে পাঠদান করা হবে। এর ফলে খেলার ছলে ছোট ছোট শিক্ষার্থীরা ঘরে বসে সহজে এবং আগ্রহের সাথে পড়াশোনা অব্যাহত রাখতে পারবে বলে আশা করা হচ্ছে। বিটিসিএল, হুয়াওয়ে এবং বিজয় ডিজিটাল এর যৌথ উদ্যোগে আয়োজিত ভার্চুয়্যাল সভায় প্রধান অতিথির বক্তব্য ডাক ও টেলিযোগাযোগ মন্ত্রী মোস্তাফা জব্বার বলেন,“শিক্ষার ডিজিটাল রূপান্তরের জন্য দীর্ঘ তিন যুগব্যাপী কাজ করে যাচ্ছি। ১৯৯৯ সালে গাজীপুরে ১৩ জন শিক্ষার্থী নিয়ে এই স্বপ্ন বাস্তবায়নের যাত্রা শুরু করি। অধ্যাপক জামিলুর রেজা চৌধুরী সেটি উদ্বোধন করেছিলেন, যা বর্তমানে বেড়ে ৩২টিতে উন্নীত হয়েছে। ”  মোস্তাফা জব্বার বলেন, শিক্ষা জীবনে প্রাথমিক স্তরটি অত্যন্ত গুরুত্বপূর্ণ। আর আগামী দিনটা হচ্ছে ডিজিটাল প্রযুক্তির দিন। এই পদ্ধতিতে শিশুদের কম্পিউটার শিক্ষার কাজটিও যেমন এগিয়ে যাচ্ছে পড়ার প্রতি তাদের আগ্রহও তেমনি বাড়ছে। প্রাথমিক পর্যায়ে ঢাকার বনানীতে টিএন্ডটি বয়েজ হাইস্কুলে কার্যক্রমটি শুরু করা হয়। পর্যায়ক্রমে দুই বছরের মধ্যে টিঅ্যান্ডটির আরও ৭টি শিক্ষা প্রতিষ্ঠানের এক হাজার ৯৭০ জন শিক্ষার্থী ডিজিটাল শিক্ষার আওতায় আসবে। বিটিসিএল’র ‘ব্রিজিং দ্য ডিজিটাল এডুকেশন ডিভাইড টু রিডিউস দ্য গ্যাপ’ প্রকল্প এই কর্মসূচিটি বাস্তবায়ন করছে। বাংলাদেশের জাতীয় পাঠ্যক্রম অনুসরণ করে উদ্ভাবিত সফটওয়্যার শিক্ষার্থীদের সরবরাহ করবে বিজয় ডিজিটাল অ্যাপ। শিক্ষক ও শিক্ষার্থীদেরকে হুয়াওয়ে ট্যাব সরবরাহ করবে। সরবরাহকৃত ট্যাবে বিজয় ডিজিটাল অ্যাপটি আগে থেকেই ইনস্টল করা থাকবে। অনুষ্ঠানে ডাক ও টেলিযোগাযোগ সচিব মো: নূর-উর-রহমান, বিটিসিএল এর ব্যবস্থাপনা পরিচালক ড. রফিকুল মতিন, বিজয় ডিজিটাল এর প্রধান নির্বাহী জেসমিন জুইসহ অন্যান্যরা উপস্থিত ছিলেন।", "article_category": "bangladesh"}