{"article_id": "article1778272.bdnews", "article_title": "সংসদীয় কমিটিতে নাসিমের চেয়ারে দীপংকর", "article_by": "নিজস্ব প্রতিবেদক, বিডিনিউজ টোয়েন্টিফোর ডটকম", "article_published": "08 Jul 2020 03:12 PM BdST", "article_updated": "08 Jul 2020 03:12 PM BdST", "article_leadtext": "আওয়ামী লীগ নেতা মোহাম্মদ নাসিমের মৃত্যুতে শূন্য হওয়া খাদ্য মন্ত্রণালয় সম্পর্কিত সংসদীয় স্থায়ী কমিটির সভাপতি পদে এসেছেন সাংসদ দীপংকর তালুকদার।", "article_text": "আওয়ামী লীগ নেতা মোহাম্মদ নাসিমের মৃত্যুতে শূন্য হওয়া খাদ্য মন্ত্রণালয় সম্পর্কিত সংসদীয় স্থায়ী কমিটির সভাপতি পদে এসেছেন সাংসদ দীপংকর তালুকদার। সংসদ নেতা ও প্রধানমন্ত্রী শেখ হাসিনার পক্ষে সংসদের প্রধান হুইপ নূর-ই-আলম চৌধুরী বুধবার সংসদীয় কমিটি পুনর্গঠনের এই প্রস্তাব করেন। রাঙামাটি থেকে নির্বাচিত আওয়ামী লীগের সংসদ সদস্য দীপংকর আগে পার্বত্য চট্টগ্রাম বিষয়ক প্রতিমন্ত্রীর দায়িত্বও সামলেছেন। করোনাভাইরাসে আক্রান্ত মোহাম্মদ নাসিম গত ১৩ জুন মারা গেলে খাদ্য মন্ত্রণালয় সম্পর্কিত সংসদীয় স্থায়ী কমিটির সভাপতি পদটি শূন্য হয়। এর বাইরে শিল্প, স্বাস্থ্য ও কৃষি মন্ত্রণালয় মন্ত্রণালয় সম্পর্কিত সংসদীয় স্থায়ী কমিটিতে সদস্য পদে কিছু রদবদল এসেছে বুধবার। ঢাকা-১০ আসনের এমপি শফিউল ইসলাম মহিউদ্দিন এবং সংরক্ষিত আসনের পারভীন হক শিকদারকে শিল্প মন্ত্রণালয় সম্পর্কিত সংসদীয় কমিটির সদস্য করা হয়েছে। আর বাগেরহাট-৪ আসনের আমিরুল আলম মিলন স্বাস্থ্য মন্ত্রণালয় সম্পর্কিত সংষদীয় কমিটির সদস্য হয়েছেন।", "article_category": "bangladesh"}