{"article_id": "article1778243.bdnews", "article_title": "মাছে ক্ষতিকর রাসায়নিক মেশালে ৭ বছরের দণ্ড রেখে সংসদে বিল", "article_by": "সংসদ প্রতিবেদক, বিডিনিউজ টোয়েন্টিফোর ডটকম", "article_published": "08 Jul 2020 01:42 PM BdST", "article_updated": "08 Jul 2020 01:42 PM BdST", "article_leadtext": "মাছে ক্ষতিকর রাসায়নিক মিশিয়ে বিক্রির অপরাধে সাত বছরের কারাদণ্ড ও পাঁচ লাখ টাকা জরিমানার বিধান রেখে খসড়া আইন সংসদে উঠেছে।", "article_text": "মাছে ক্ষতিকর রাসায়নিক মিশিয়ে বিক্রির অপরাধে সাত বছরের কারাদণ্ড ও পাঁচ লাখ টাকা জরিমানার বিধান রেখে খসড়া আইন সংসদে উঠেছে। বুধবার মৎস্য ও প্রাণিসম্পদ মন্ত্রী শ ম রেজাউল করিম ‘মৎস্য ও মৎস্যপণ্য (পরিদর্শন ও মাননিয়ন্ত্রণ) বিল- ২০২০’ সংসদে উত্থাপন করেন। পরে বিলটি পরীক্ষা করে ৩০ দিনের মধ্যে সংসদে প্রতিবেদন দেওয়ার জন্য মৎস্য ও প্রাণিসম্পদ মন্ত্রণালয় সম্পর্কিত সংসদীয় স্থায়ী কমিটিতে পাঠানো হয়। নিরাপদ মাছের উৎপাদন নিশ্চিত করতে মৎস্য খামারিদের নিবন্ধন বাধ্যতামূলক করার বিধানও বিলে রাখা হয়েছে। মৎস্য পণ্যে ভেজাল দিলে বা খামারে নিষিদ্ধ ওষুধ ব্যবহার করলে অন্যূন দুই বছরের কারাদণ্ড ও সর্বোচ্চ ৮ লাখ টাকা জরিমানার বিধান রাখা হয়েছে খসড়া আইনে। উচ্চ আদালতের নির্দেশনা অনুযায়ী, সামরিক শাসনামলে প্রণীত এবিষয়ে ১৯৮৩ সালের আইনটি রহিত করে বাংলায় নতুন আইন প্রণয়নের জন্য বিলটি উত্থাপন করা হয়েছে। খসড়া আইনে মৎস্যের সংজ্ঞায় বলা হয়েছে ‘সকল প্রকার কোমল ও কঠিন অস্থি বিশিষ্ট মৎস্য, সাদু ও লবণাক্ত পানির চিংড়ি, উভচর জলজপ্রাণী, কচ্ছপ, কুমির,কাঁকড়া জাতীয় প্রাণী, শামুক, ঝিনুক, ব্যাঙ এবং এসব জলজপ্রাণীর জীবন্ত কোষকে মৎস্য হিসেবে গণ্য করা হবে’। প্রস্তাবিত আইনে মৎস্য ও মৎস্যপণ্যে ভেজাল, অপদ্রব্যের মিশ্রণ ও অনুপ্রবেশ করানো এবং ক্ষতিকারক রাসায়নিক নিষিদ্ধ করা হয়েছে। বিলটি পাস হলে মৎস্য ও মৎস্যপণ্য প্রক্রিয়াজাতকরণ কারখানায় তাজা মাছ প্রক্রিয়া করতে হবে। পচা, দূষিত, ভেজাল ও অপদ্রব্য মিশ্রিত মৎস্য ও মৎস্যপণ্য বাজারজাত করা যাবে না। আইন অমান্য করলে ক্ষমতাপ্রাপ্ত কর্মকর্তা, পরিদর্শক বা পরিদর্শনকারী কর্মকর্তা কোনো ব্যক্তিকে পাঁচ লাখ টাকা পর্যন্ত প্রশাসনিক জরিমানা করতে পারবেন। বিলের উদ্দেশ্য ও কারণ সম্পর্কে মন্ত্রী বলেন, “জাতীয় ও আন্তর্জাতিক বাজারের ক্রেতাদের পণ্যের গুণগত ও প্রক্রিয়াগত মানসম্পর্কিত চাহিদা, রপ্তানিযোগ্য পণ্যের বহুমুখীতা এবং আন্তর্জাতিক আজারের বিস্তৃতি ও প্রতিযোগিতা ইত্যাদি মোকাবেলায় বিদ্যমান অধ্যাদেশের সীমবদ্ধতা পরিলক্ষিত হয়। ”", "article_category": "bangladesh"}