{"article_id": "article1778204.bdnews", "article_title": "মিরপুরের এক ছাত্রলীগ নেতা ধর্ষণ মামলায় গ্রেপ্তার", "article_by": "জ্যেষ্ঠ প্রতিবেদক, বিডিনিউজ টোয়েন্টিফোর ডটকম", "article_published": "08 Jul 2020 11:21 AM BdST", "article_updated": "08 Jul 2020 11:21 AM BdST", "article_leadtext": "ঢাকার মিরপুরের সরকারি বঙ্গবন্ধু কলেজের এক ছাত্রলীগ নেতাকে ধর্ষণ মামলায় গাজীপুর থেকে গ্রেপ্তার করেছে পুলিশ।", "article_text": "ঢাকার মিরপুরের সরকারি বঙ্গবন্ধু কলেজের এক ছাত্রলীগ নেতাকে ধর্ষণ মামলায় গাজীপুর থেকে গ্রেপ্তার করেছে পুলিশ। পল্লবী থানার পরিদর্শক (অপারেশনস) এমরানুল ইসলাম বিডিনিউজ টোয়েন্টিফোর ডটকমকে জানান, বুধবার ভোরে গাজীপুরের কাশিমপুর এলাকা থেকে শামীম রেজা আপন নামের ওই যুবককে তারা গ্রেপ্তার করেন। মঙ্গলবার রাতে পল্লবী থানায় নারী ও শিশু নির্যাতন দমন আইনে একটি মামলা হয় আপনের বিরুদ্ধে। বিয়ের প্রলোভন দেখিয়ে এক কিশোরীকে ধর্ষণের অভিযোগ আনা হয় সেখানে। “ধর্ষণের যে অভিযোগ করা হয়েছে, সেটি নয় মাস আগের। ওই কিশোরীকে হাসপাতালে পাঠানো হচ্ছে। ”মেয়েটির একজন আত্মীয় বিডিনিউজ টোয়েন্টিফোর ডটকমকে জানান, তাদের বাসা মিরপুর-১২ নম্বর এলাকায়, আপনও ওই এলাকায় থাকে। “আমার নবম শ্রেণি পড়ুয়া কাজিনকে আপন বিয়ের প্রলোভন দেখিয়ে ধর্ষণ করেছে। এতদিন বিয়ে করবে বলে আশ্বাস দিচ্ছিল। কিন্তু গতকাল এসে আমাদেরকে হুমকি দিয়ে গেছে। এ কারণে মামলা করতে বাধ্য হয়েছি। ”", "article_category": "bangladesh"}