{"article_id": "article1778394.bdnews", "article_title": "করোনাভাইরাসে আক্রান্ত শিশুসাহিত্যিক আলম তালুকদারের মৃত্যু", "article_by": "নিজস্ব প্রতিবেদক, বিডিনিউজ টোয়েন্টিফোর ডটকম", "article_published": "08 Jul 2020 08:06 PM BdST", "article_updated": "08 Jul 2020 08:06 PM BdST", "article_leadtext": "নভেল করোনাভাইরাসে আক্রান্ত হয়ে রাজধানীর সম্মিলিত সামরিক হাসপাতালে চিকিৎসাধীন অবস্থায় মারা গেছেন শিশুসাহিত্যিক আলম তালুকদার।", "article_text": "নভেল করোনাভাইরাসে আক্রান্ত হয়ে রাজধানীর সম্মিলিত সামরিক হাসপাতালে চিকিৎসাধীন অবস্থায় মারা গেছেন শিশুসাহিত্যিক আলম তালুকদার। তার মেয়ে আফিয়া নূর বুধবার সন্ধ্যায় বিডিনিউজ টোয়েন্টিফোর ডটকমকে বলেন, “গত শনিবার বাবার নমুনা পরীক্ষায় করোনা সংক্রমণ ধরা পড়ে। এছাড়া বাবার হার্টে ছয়টা ব্লক ছিল, ডায়াবেটিসও ছিল। “মঙ্গলবার রাতে তাকে যখন সিএমএইচে ভর্তি করানো হল, তখন নিজেই পায়ে হেঁটে গেলেন। কিন্তু আজকে (বুধবার) সকাল থেকে তার শারীরিক অবস্থার অবনতি হতে শুরু করে। পরে বিকাল সাড়ে ৪টার দিকে চিকিৎসকরা তাকে মৃত ঘোষণা করেন। ”আফিয়া নূর জানান, আলম তালুকদারকে মিরপুর শহীদ বুদ্ধিজীবী কবরস্থানে দাফনের চেষ্টা চলছে। ১৯৫৬ সালের ১ জানুয়ারি টাঙ্গাইলের ঘাটাইলে জন্মগ্রহণ করেন আলম তালুকদার। ১৯৬৮ সালে দেওয়াল পত্রিকার মাধ্যমে লেখালেখি শুরু। পরে তিনি কাদেরিয়া বাহিনীর হয়ে মুক্তিযুদ্ধে সরাসরি অংশ নেন। আলম তালুকাদরের প্রথম বই ‘ঘুম তাড়ানো ছড়া’ প্রকাশিত হয় ১৯৮২ সালে। তার ছড়ার উল্লেখযোগ্য বই হচ্ছে ‘খোঁচান ক্যান’, ‘চাঁদের কাছে জোনাকি’, ‘ডিম ডিম ভূতের ডিম’, ‘ঐ রাজাকার’, ‘যুদ্ধে যদি যেতাম হেরে’, ‘বাচ্চা ছড়া কাচ্চা ছড়া’, ‘ছড়ায় ছড়ায় আলোর নাচন’, ‘জাদুঘরের ছড়া’, ‘ছড়ায় ছড়ায় টক্কর’, ‘ছড়াসমগ্র’ ইত্যাদি। তার লেখা শিশুতোষ গল্পের বইয়ের মধ্যে উল্লেখযোগ্য হচ্ছে ‘মহাদেশ বাংলাদেশ উপদেশ’, ‘শিশুদের শিশুটামি’, ‘অবশিষ্ট মুক্তিযোদ্ধা’, ‘নাই দেশের রূপকথা’, ‘ভূতের সঙ্গে ভূত আমি’, ‘কিশোর সমগ্র’, ‘গল্পসমগ্র’ প্রভৃতি। বেশকটি গ্রন্থও সম্পাদনা করেছেন তিনি। সেগুলোর মধ্যে রয়েছে, ‘শহীদ মুক্তিযোদ্ধা নাজমুল আহসান স্মারক গ্রন্থ’, ‘জাদুঘর বিচিত্রা’, ‘টাঙ্গাইল জেলার স্থান নাম বিচিত্রা’, ‘ছোট ছোট উপাখ্যান হাসিতে আটখান’। শিশুসাহিত্যে অবদানের জন্য তিনি অগ্রণী ব্যাংক শিশু সাহিত্য পুরস্কার, জসীম উদদীন পুরস্কার, কবি কাদির নওয়াজ পুরস্কার, শিল্পাচার্য জয়নুল পুরস্কারসহ আরও অনেক পুরস্কার পেয়েছেন। আলম তালুকদার জাতীয় গণগ্রন্থাগার অধিদপ্তরের মহাপরিচালকের দায়িত্ব পালন করেছেন। পরে অতিরিক্ত সচিব হিসেবে সরকারি চাকরি থেকে অবসর নেন।", "article_category": "bangladesh"}