{"article_id": "article1778307.bdnews", "article_title": "কেবল টিভির ক্রম: নেশনওয়াইড মিডিয়া ও জাদু ভিশনকে জরিমানা", "article_by": "জ্যেষ্ঠ প্রতিবেদক, বিডিনিউজ টোয়েন্টিফোর ডটকম", "article_published": "08 Jul 2020 04:54 PM BdST", "article_updated": "08 Jul 2020 04:54 PM BdST", "article_leadtext": "সরকারের বেঁধে দেওয়া ক্রম অনুসরণ না করে বেসরকারি টেলিভিশন চ্যানেল সম্প্রচার করায় দুটি কেবল নেটওয়ার্ক ডিস্ট্রিবিউটর প্রতিষ্ঠানকে জরিমানা করা হয়েছে।", "article_text": "সরকারের বেঁধে দেওয়া ক্রম অনুসরণ না করে বেসরকারি টেলিভিশন চ্যানেল সম্প্রচার করায় দুটি কেবল নেটওয়ার্ক ডিস্ট্রিবিউটর প্রতিষ্ঠানকে জরিমানা করা হয়েছে। কেবল টেলিভিশন নেটওয়ার্ক পরিচালনা আইনে পৃথক মামলায় কেবল নেটওয়ার্ক ডিস্ট্রিবিউটর প্রতিষ্ঠান বেঙ্গল গ্রুপের নেশনওয়াইড মিডিয়া লিমিটেড এবং মোহাম্মদী গ্রুপের জাদু ভিশন লিমিটেডকে ৫০ হাজার টাকা করে জরিমানা করা হয়। ঢাকা মেট্রোপলিটন ম্যাজিস্ট্রেটের অধীনে পরিচালিত অভিযানে নিয়ম ভঙ্গের দায়ে এদের এই জরিমানা করা হয় বলে বুধবার তথ্য মন্ত্রণালয়ের এক সংবাদ বিজ্ঞপ্তিতে জানানো হয়েছে। অ্যাসোসিয়েশন অব টেলিভিশন চ্যানেল ওনার্সের (অ্যাটকো) সঙ্গে আলোচনা করে এ বিষয়ে একটি নির্দেশনা দিয়েছিল তথ্য মন্ত্রণালয়। সে মোতাবেক কেবল নেটওয়ার্কে প্রথমে রাষ্ট্রীয় টেলিভিশন চ্যানেল এবং এরপর সম্প্রচার শুরুর তারিখের ক্রমানুসারে বেসরকারি স্যাটেলাইট টিভি চ্যানেলগুলো সম্প্রচারের নিয়ম। এর আগে নেটওয়ার্ক অপারেটররা তাদের ইচ্ছেমতো চ্যানেলগুলোর ক্রম ঠিক করত। প্রথমদিকে কোন চ্যানেল দেখানো হবে এ নিয়ে নানা অনিয়মেরও অভিযোগ ছিল। সম্প্রচার শুরুর তারিখ অনুসারে পূর্ণ সম্প্রচারে থাকা ৩০টি বেসরকারি টেলিভিশন চ্যানেল কেবল নেটওয়ার্কে প্রদর্শনের ক্রমবিন্যাস: ক্রমটিভিসম্প্রচার শুরুর তারিখ০১এটিএন বাংলা১৫.০৭.১৯৯৭০২চ্যানেল আই০১.১০.১৯৯৯০৩ইটিভি১৪.০৪.২০০০০৪এনটিভি০৩.০৭.২০০৩০৫আরটিভি২৬.১২.২০০৫০৬বৈশাখী টিভি২৭.১২.২০০৫০৭বাংলাভিশন টিভি৩১.০৩.২০০৬০৮দেশ টিভি২৬.০৩.২০০৯০৯মাই টিভি১৫.০৪.২০১০১০এটিএন নিউজ০৭.০৬.২০১০১১মোহনা টিভি১১.১১.২০১০১২বিজয় টিভি২০.১২.২০১০১৩সময় টিভি১৭.০৪.২০১১১৪ইন্ডিপেনডেন্ট টিভি২৭.০৭.২০১১১৫মাছরাঙ্গা টিভি৩০.০৭.২০১১১৬চ্যানেল ৯৩০.০১.২০১২১৭চ্যানেল ২৪২৪.০৫.২০১২১৮গাজী টিভি১২.০৬.২০১২১৯চ্যানেল ৭১২১.০৬.২০১২২০এশিয়ান টিভি১৮.০১.২০১৩২১এসএ টিভি১৯.০১.২০১৩২২গানবাংলা টিভি১৬.১২.২০১৩২৩যমুনা টিভি০৫.০৪.২০১৪২৪দীপ্ত টিভি১২.১২.২০১৫২৫ডিবিসি নিউজ২১.০৯.২০১৬২৬নিউজ ২৪২৮.০৭.২০১৬২৭বাংলা টিভি১৯.০৫.২০১৭২৮দুরন্ত টিভি১৫.১০.২০১৭২৯নাগরিক টিভি০১.০৩.২০১৮৩০আনন্দ টিভি০৩.১১.২০১৮ বিজ্ঞপ্তিতে বলা হয়েছে, তথ্য মন্ত্রণালয়ের দায়িত্ব গ্রহণের পর মন্ত্রী হাছান মাহমুদের নির্দেশে প্রত্যেক জেলায় ভ্রাম্যমাণ আদালত পরিচালনার মাধ্যমে এটিকে নিয়মের মধ্যে আনা হয়। “বিষয়টি তদারকির জন্য রাজধানীসহ দেশের বিভিন্ন স্থানে ঝটিকা অভিযান অব্যাহত রয়েছে। ”", "article_category": "bangladesh"}