{"article_id": "article1759115.bdnews", "article_title": "অসহায় মানুষের পাশে আইইউবি", "article_by": "নিজস্ব প্রতিবেদক, বিডিনিউজ টোয়েন্টিফোর ডটকম", "article_published": "16 May 2020 02:46 PM BdST", "article_updated": "16 May 2020 02:46 PM BdST", "article_leadtext": "কোভিড-১৯ মহামারীর সংক্রমণ ঠেকাতে চলমান লকডাউনের কারণে কর্মহীন হয়ে পড়া অসহায় মানুষের পাশে দাঁড়িয়েছে ইন্ডিপেনডেন্ট ইউনিভার্সিটি, বাংলাদেশ (আইইউবি)।", "article_text": "কোভিড-১৯ মহামারীর সংক্রমণ ঠেকাতে চলমান লকডাউনের কারণে কর্মহীন হয়ে পড়া অসহায় মানুষের পাশে দাঁড়িয়েছে ইন্ডিপেনডেন্ট ইউনিভার্সিটি, বাংলাদেশ (আইইউবি)। সাজেদা ফাউন্ডেশনের সহযোগিতায় আইইউবি গত বৃহস্পতি ও শুক্রবার রাজধানীর বেশ কয়েকটি বস্তি এলাকার লোকজনের মাঝে ত্রাণ বিতরণ করেছে। উত্তরা, ভাটারা, বাড্ডা এবং সাতারকুল এবং অন্যান্য বস্তি এলাকার ২ হাজার ৫০০ সুবিধা বঞ্জিত পরিবারের মাঝে ত্রাণ হিসেবে খাবার এবং অন্যান্য প্রয়োজনীয় দ্রব্য তুলে দেয়া হয়। যার মাঝে ছিল ৮ কেজি চাল, ভোজ্য তেল, আলু, ডাল, পেঁয়াজ, ছোলা, চিনি, সেমাই, লবণ, গুড়সহ আরও কয়েকটি প্রয়োজনীয় পণ্য। এমন অবস্থায় আইইউবি জনহিতকর কাজের ধারাবিহিকতায় এই অসহায় মানুষদের পাশে দাঁড়িয়েছে। আইইউবির ভারপ্রাপ্ত উপাচার্য অধ্যাপক মিলান পাগন এই ত্রাণ বিতরণ কার্যক্রমে উপস্থিত ছিলেন। এসময় তার সাথে ছিলেন বিশ্ববিদ্যালয়ের ট্রেজারার, রেজিস্ট্রারসহ উর্ধ্বতন কর্মকর্তারা। সাজেদা ফাউন্ডেশনের পক্ষে উপস্থিত ছিলেন পরিচালক (সাপোর্ট) মনিরুল ইসলাম খান ও ডিভিশনাল ম্যানেজার রবিউল করিম।", "article_category": "campus"}