{"article_id": "article1779794.bdnews", "article_title": "কোভিড-১৯: মৃত ৩ সাংবাদিকের পরিবারকে বসুন্ধরা গ্রুপের অনুদান", "article_by": "নিজস্ব প্রতিবেদক, বিডিনিউজ টোয়েন্টিফোর ডটকম", "article_published": "12 Jul 2020 08:50 PM BdST", "article_updated": "12 Jul 2020 08:50 PM BdST", "article_leadtext": "করোনাভাইরাসে আক্রান্ত হয়ে মারা যাওয়া তিন সাংবাদিকের পরিবারকে ৫ লাখ টাকা করে অনুদান দিয়েছে শিল্পগোষ্ঠী বসুন্ধরা গ্রুপ।", "article_text": "করোনাভাইরাসে আক্রান্ত হয়ে মারা যাওয়া তিন সাংবাদিকের পরিবারকে ৫ লাখ টাকা করে অনুদান দিয়েছে শিল্পগোষ্ঠী বসুন্ধরা গ্রুপ। বসুন্ধরা গ্রুপরে এক সংবাদ বিজ্ঞপ্তিতে জানানো হয়, রোববার রাজধানীর বসুন্ধরা আবাসিক এলাকায় বসুন্ধরা ইন্ডাস্ট্রিয়াল হেড কোয়াটারস-১ এ এক অনুষ্ঠানে তিন সাংবাদিক পরিবারের হাতে চেক দেওয়া হয়। চেক হস্তান্তর করেন বসুন্ধরা গ্রুপের ব্যবস্থাপনা পরিচালক সায়েম সোবহান আনভীর। করোনাভাইরাসে প্রাণ হারানো দৈনিক সময়ের আলো পত্রিকার প্রধান প্রতিবেদক ও নগর সম্পাদক হুমায়ুন কবির খোকনের স্ত্রী শারমীন সুলতানা রীনা, সিনিয়র সাব এডিটর মাহমুদুল হাকিম অপুর স্ত্রী আরিফা সুলতানা ও দৈনিক ভোরের কাগজের আসলাম রহমানের স্ত্রী ফাতেমা রহমান চেক গ্রহণ করেন। অনুষ্ঠানে উপস্থিত বাংলাদেশ প্রতিদিন সম্পাদক নঈম নিজাম বলেন, “করোনাভাইরাসের বলি হয়েছেন আমাদের তিনজন সাংবাদিক। জীবনকে উৎসর্গ করায় বসুন্ধরা গ্রুপ ও ইস্টওয়েস্ট মিডিয়া গ্রুপের পক্ষ থেকে ব্যবস্থাপনা পরিচালক সায়েম সোবহান আনভীর প্রত্যেক পরিবারকে ৫লাখ টাকা করে অনুদান প্রদান করেছেন। ”এ সময় কালের কণ্ঠ সম্পাদক ইমদাদুল হক মিলনসহ বসুন্ধরা গ্রুপের কর্মকর্তারা উপস্থিত ছিলেন।", "article_category": "business"}