{"article_id": "article1772892.bdnews", "article_title": "বিক্রেতাদের মাস্ক, হ্যান্ডরাব দিচ্ছে শাহ সিমেন্ট", "article_by": "নিজস্ব প্রতিবেদক  বিডিনিউজ টোয়েন্টিফোর ডটকম", "article_published": "23 Jun 2020 03:46 PM BdST", "article_updated": "23 Jun 2020 03:46 PM BdST", "article_leadtext": "করোনাভাইরাস সংক্রমণ রোধে ডিস্ট্রিবিউটর, ডিলার এবং রিটেইলারদের মাস্ক এবং জীবাণুমুক্তকারী হ্যান্ডরাব দেবে শাহ সিমেন্ট।", "article_text": "করোনাভাইরাস সংক্রমণ রোধে ডিস্ট্রিবিউটর, ডিলার এবং রিটেইলারদের মাস্ক এবং জীবাণুমুক্তকারী হ্যান্ডরাব দেবে শাহ সিমেন্ট। মঙ্গলবার এক সংবাদ বিজ্ঞপ্তিতে বলা হয়, সারা দেশে সংশ্লিষ্ট জেলার শাহ সিমেন্টের কর্মকর্তাদের উপস্থিতিতে এসব বিতরণ করা হচ্ছে।", "article_category": "business"}