{"article_id": "article1744479.bdnews", "article_title": "জবি শিক্ষার্থী করোনাভাইরাসে আক্রান্ত", "article_by": "জগন্নাথ বিশ্ববিদ্যালয় প্রতিনিধি, বিডিনিউজ টোয়েন্টিফোর ডটকম", "article_published": "08 Apr 2020 04:08 PM BdST", "article_updated": "08 Apr 2020 05:05 PM BdST", "article_leadtext": "জগন্নাথ বিশ্ববিদ্যালয়ের এক শিক্ষার্থী নভেল করোনাভাইরাসে আক্রান্ত হয়েছেন।", "article_text": "জগন্নাথ বিশ্ববিদ্যালয়ের এক শিক্ষার্থী নভেল করোনাভাইরাসে আক্রান্ত হয়েছেন। ২০১৯-২০ শিক্ষাবর্ষের ওই শিক্ষার্থী বুধবার বিডিনিউজ টোয়েন্টিফোর ডটকমকে বলেন, “৮-৯ দিন আমি অসুস্থ ছিলাম। পরে সোমবার আইইডিসিআরকে ফোন দেওয়ার পর, ওরা এসে স্যাম্পল নিয়ে যায়। “গত রাতে ফোন দিয়ে জানিয়েছে, আমার করোনাভাইরাস পজেটিভ। আজকে ওরা আসবে বললো। ”বিশ্ববিদ্যালয় বন্ধ হয়ে যাওয়ার আগে গত ১৫ মার্চ সর্বশেষ ক্যাম্পাসে গিয়েছিলেন ওই শিক্ষার্থী। “আমি বিদেশ ফেরত কারো সংস্পর্শে আসিনি। তবে পড়ানোর জন্য দুই-তিন দিন খিলক্ষেত গিয়েছিলাম। তখন বাসে উঠতে হয়েছে। ”আক্রান্ত শিক্ষার্থীর চিকিৎসার বিষয়ে যোগাযোগ রাখছে বিশ্ববিদ্যালয় কর্তৃপক্ষ। উপাচার্য অধ্যাপক মীজানুর রহমান বিডিনিউজ টোয়েন্টিফোর ডটকমকে বলেন, “আমরা খোঁজ রাখছি। আইইডিসিআরের সাথে কথা বলেছি। আইইডিসিআর সম্ভবত ওকে আইসোলেশনে নেবে। পরিবারের বাকিদের কোয়ারেন্টিনে যেতে হবে। “আমাদের কোনো শিক্ষার্থী যদি সমস্যার মধ্যে পরে, আর্থিক হোক বা অসুস্থতা হোক- সে বিষয়ে প্রক্টর ও ছাত্রকল্যাণ পরিচালক যোগাযোগ রাখছে। যার যখন যা লাগছে, আমরা হেল্প করছি। ”", "article_category": "campus"}