{"article_id": "article1746526.bdnews", "article_title": "ঢাবি ছাত্র করোনাভাইরাসে আক্রান্ত", "article_by": "ঢাকা বিশ্ববিদ্যালয় প্রতিনিধি, বিডিনিউজ টোয়েন্টিফোর ডটকম", "article_published": "13 Apr 2020 07:10 PM BdST", "article_updated": "13 Apr 2020 09:38 PM BdST", "article_leadtext": "রাজধানীর মানিকদী এলাকায় ঢাকা বিশ্ববিদ্যালয়ের এক শিক্ষার্থী নভেল করোনাভাইরাসে আক্রান্ত হয়েছেন ।", "article_text": "রাজধানীর মানিকদী এলাকায় ঢাকা বিশ্ববিদ্যালয়ের এক শিক্ষার্থী নভেল করোনাভাইরাসে আক্রান্ত হয়েছেন। বিশ্ববিদ্যালয়ের প্রক্টর একেএম গোলাম রব্বানী সোমবার বিডিনিউজ টোয়েন্টিফোর ডটকমকে এ তথ্য জানান। তিনি বলেন, “ওই শিক্ষার্থী রোববার আমাদের বিষয়টি জানিয়েছে। অসুস্থ হয়ে পড়ায় কয়েকদিন আগে নমুনা পরীক্ষা হয়েছিল। পরীক্ষার ফলাফলে করোনাভাইরাস পজিটিভ ধরা পড়ে। ”সরকারের রোগতত্ত্ব, রোগনিয়ন্ত্রণ ও গবেষণা প্রতিষ্ঠানের (আইইডিসিআর) তত্ত্বাবধানে ওই ছাত্রকে তার বাড়িতেই আইসোলশনে রাখা হয়েছে বলে জানান প্রক্টর। বিশ্ববিদ্যালয়ের পপুলেশন সায়েন্স বিভাগের দ্বিতীয় বর্ষের ওই শিক্ষার্থী মানিকদী এলাকায় তার পরিবারের সঙ্গেই থাকেন। অসুস্থতা নিয়ে গত ৭ এপ্রিল হাসপাতালে যান তিনি৷ নমুনা পরীক্ষার পর ৮ এপ্রিল আইইডিসিআর নিশ্চিত করে, তার কোভিড-১৯ হয়েছে। ওই শিক্ষার্থীর শারীরিক অবস্থা এখন ‘ভালোর দিকে’ জানিয়ে প্রক্টর গোলাম রব্বানী বলেন, “তার পরিবারের সাথে আমাদের সার্বক্ষণিক যোগাযোগ আছে। তার জ্বর সেরে গেছে৷ আমাদের সে বলেছে, আগের চেয়ে এখন ভালো বোধ করছে৷”করোনাভাইরাসের প্রাদুর্ভাবের কারণে দেশের সব শিক্ষা প্রতিষ্ঠানের মত ঢাকা বিশ্ববিদ্যালয়েও গত ১৭ মার্চ থেকে ছুটি চলছে। কয়েক দফা ছুটির মেয়াদ বাড়ানোর পর গত সপ্তাহে বিশ্ববিদ্যালয় কর্তৃপক্ষ আবাসিক হলসহ বিশ্ববিদ্যালয়ের অ্যাকাডেমিক কার্যক্রম অনির্দিষ্টকালের জন্য বন্ধ ঘোষণা করেছে। ওই শিক্ষার্থী বিডিনিউজ টোয়েন্টিফোর ডটকমকে বলেন, “কীভাবে আক্রান্ত হলাম তা বুঝতে পারছি না। গত ১৯ তারিখের পর ক্যাম্পাসে যাইনি। বিদেশ থেকে আসা কারও সংস্পর্শে যাইনি, আমার পরিবাবের অন্য কারোও মধ্যেও এখনও সংক্রমণ হয়নি “", "article_category": "campus"}