{"article_id": "article1772439.bdnews", "article_title": "ডাকসুর পরের নির্বাচন পর্যন্ত থাকতে চান নূর ও রাব্বানী", "article_by": "রাসেল সরকার, বিডিনিউজ টোয়েন্টিফোর ডটকম", "article_published": "22 Jun 2020 11:12 AM BdST", "article_updated": "22 Jun 2020 11:12 AM BdST", "article_leadtext": "নির্ধারিত এক বছর শেষে গঠনতন্ত্র অনুযায়ী ৯০ দিনের বর্ধিত সময়ও পার করে সোমবার শেষ হচ্ছে ঢাকা বিশ্ববিদ্যালয় কেন্দ্রীয় ছাত্র সংসদের (ডাকসু) বর্তমান কমিটির মেয়াদ।", "article_text": "নির্ধারিত এক বছর শেষে গঠনতন্ত্র অনুযায়ী ৯০ দিনের বর্ধিত সময়ও পার করে সোমবার শেষ হচ্ছে ঢাকা বিশ্ববিদ্যালয় কেন্দ্রীয় ছাত্র সংসদের (ডাকসু) বর্তমান কমিটির মেয়াদ। তবে করোনাভাইরাস সঙ্কটে বিশ্ববিদ্যালয় বন্ধ থাকায় এবং ডাকসুর খরচের অডিটসহ বিভিন্ন কাজ বাকি রয়ে গেছে বলে পরবর্তী নির্বাচন না হওয়া পর্যন্ত দায়িত্ব পালন করতে চান ডাকসুর ভিপি নুরুল হক নূর ও জিএস গোলাম রাব্বানীসহ সংসদের একাংশ। সোমবার বিষয়টি নিয়ে ডাকসুর সভাপতি ও বিশ্ববিদ্যালয়ের উপাচার্য অধ্যাপক ড. মো. আখতারুজ্জামানের সঙ্গে আলোচনায় বসবেন বলে জানিয়েছেন তারা। অন্যদিকে ডাকসুর এজিএস সাদ্দাম হোসেনসহ একাংশ মনে করেন, মেয়াদ শেষ হওয়ার পর পদ ধরে রাখার চেষ্টা ‘অনৈতিক ও অগণতান্ত্রিক’। প্রায় তিন দশকের অচলাবস্থা কাটিয়ে গত বছরের ১১ মার্চ ডাকসুর নির্বাচন হয়। নির্বাচিত প্রতিনিধিরা ২৩ মার্চ আনুষ্ঠানিকভাবে দায়িত্ব গ্রহণ করেন। সে হিসেবে এ বছর ২৩ মার্চ বর্তমান কমিটির মেয়াদ শেষ হওয়ার কথা থাকলেও নতুন নির্বাচন না হওয়ায় গঠনতন্ত্র অনুযায়ী ৯০ দিন সময় বাড়ানো হয় বর্তমান কমিটির। ডাকসুর গঠনতন্ত্রের ৬ এর (গ) ধারায় বলা হয়েছে, “নির্বাচিত পদাধিকারীগণ ৩৬৫ দিনের জন্য দায়িত্ব পালন করবেন। যদি নির্ধারিত সময়ের মধ্যে নির্বাচন সম্পন্ন না করা যায়, তাহলে অতিরিক্ত সময় হিসেবে অনুর্ধ্ব ৯০ দিন দায়িত্ব পালন করতে পারবেন। এর মধ্যে নির্বাচন অনুষ্ঠিত না হলে স্বয়ংক্রিয়ভাবে সংসদ বাতিল হয়ে যাবে। ”ডাকসুর ভিপি নুরুল হক নূর বিডিনিউজ টোয়েন্টিফোর ডটকমকে বলেন, \"করোনাভাইরাসের কারণে বিশ্ববিদ্যালয় বন্ধ থাকায় গত তিন মাস ধরে আমরা কোনো কাজ করতে পারিনি। এখন সবকিছুই স্থবির হয়ে আছে। আমরা চাই পরবর্তী নির্বাচন পর্যন্ত আমাদের সুযোগ দেওয়া হোক এবং পরিস্থিতি স্বাভাবিক হলে ডাকসুর পরবর্তী নির্বাচন দিয়ে ধারাবাহিতা বজায় রাখা হোক। \"ডাকসু নির্বাচন নিয়ে বিশ্ববিদ্যালয় প্রশাসনের বিরুদ্ধে ‘নিষ্ক্রিয়তার’ অভিযোগ তুলে নূর বলেন, “গত ১৪ জুন সিনেটের বার্ষিক অধিবেশনে আমি পরবর্তী ডাকসু নির্বাচন নিয়ে প্রশ্ন করেছিলাম। উপাচার্য কোনো উত্তর দেননি। ডাকসুর নির্বাচন নিয়ে বরাবরই বিশ্ববিদ্যালয় প্রশাসন নিষ্ক্রিয় থাকছে। ”ডাকসুর জিএস গোলাম রাব্বানী বিডিনিউজ টোয়েন্টিফোর ডটকমকে বলেন, “করোনাভাইরাস পরিস্থিতির কারণে আমাদের অনেক কাজই অসম্পূর্ণ রয়েছে। এখনও আমাদের খরচের অডিট বাকি; মাত্র ছয় মাসের অডিট সম্পন্ন হয়েছে। ডাকসুর ফান্ডে ৯০ লাখ টাকা অব্যবহৃত রয়েছে। এই টাকাটা আমরা শিক্ষার্থীদের সহায়তায় খরচ করতে চাই। ”ভিপি-জিএস দায়িত্ব ধরে রাখতে চাইলেও তাদের সঙ্গে একমত নন ডাকসুর এজিএস সাদ্দাম হোসেন। বিডিনিউজ টোয়েন্টিফোর ডটকমকে তিনি বলেন, “ঢাকা বিশ্ববিদ্যালয়ের শিক্ষার্থীরা আমাদেরকে একটি নির্দিষ্ট সময়ের জন্য নির্বাচিত করেছে। এখন মেয়াদ শেষ হয়েছে, আমাদের উচিত দায়িত্ব ছেড়ে দেওয়া। গঠনতন্ত্র লঙ্ঘন করে পদ ধরে রাখা অনৈতিক ও অগণতান্ত্রিক। বিশ্ববিদ্যালয়ের শিক্ষার্থীরা গণতন্ত্রের চর্চা করে, তারা অগণতান্ত্রিক সিদ্ধান্ত মেনে নেবে না। ”বিশ্ববিদ্যালয়ের উপাচার্য অধ্যাপক মো. আখতারুজ্জামানও বলছেন, গঠনতন্ত্র লঙ্ঘনের কোনো সুযোগ নেই। বিডিনিউজ টোয়েন্টিফোর ডটকমকে তিনি বলেন, “সবকিছু নিয়ম অনুযায়ী হবে এবং নিয়মের বাইরে যাওয়ার সুযোগ নেই। ”পরবর্তী ডাকসু নির্বাচনের উদ্যোগ নেওয়া হবে কি না জানতে চাইলে তিনি বলেন, “উপাচার্যের একক সিদ্ধান্তে ডাকসু নির্বাচন হয় না। এটি একটি বিশাল কর্মযজ্ঞ। এতে অনেক স্টেকহোল্ডার জড়িত। তাদের সাথে কথা বলা প্রয়োজন। \"এ সংসদের ২৫টি পদের ২৩টিই ছাত্রলীগের দখলে ছিল। শুধু ভিপি ও সমাজসেবা সম্পাদক পদে জয়ী হন কোটা সংস্কার আন্দোলনে নেতৃত্ব দেওয়া বাংলাদেশ সাধারণ ছাত্র অধিকার সংরক্ষণ পরিষদের প্রার্থী নূর ও আখতার হোসেন। ওই নির্বাচনে ভিপি পদে প্রার্থী হয়ে হারলেও ছাত্রলীগের তৎকালীন সভাপতি রেজওয়ানুল হক চৌধুরী শোভনকে ডাকসু থেকে বিশ্ববিদ্যালয়ের সিনেটে পাঠানো হয়েছিল ছাত্র প্রতিনিধি করে। শোভন ছাড়াও সিনেটে ছাত্র প্রতিনিধি হয়েছিলেন ভিপি নুরুল হক নূর, জিএস গোলাম রাব্বানী, সদস্য তিলোত্তমা শিকদার ও ঢাকা বিশ্ববিদ্যালয় ছাত্রলীগের সভাপতি সনজিত চন্দ্র দাস। চাঁদাবাজির অভিযোগের মুখে গত বছরের সেপ্টেম্বরে শোভন ছাত্রলীগের পদ খোয়ানোর পর সিনেট সদস্যের পদ থেকেও ইস্তফা দেন। পরে ওই স্থানটিই পূরণ করা হয় এজিএস সাদ্দামক হোসেনকে দিয়ে। গঠনতন্ত্র অনুযায়ী সোমবার ডাকসুর বর্তমান কমিটির মেয়াদ শেষ হওয়ার সঙ্গে সঙ্গে বিশ্ববিদ্যালয়ের সিনেটেও ওই পাঁচ জনের মেয়াদ শেষ হবে।", "article_category": "campus"}