{"article_id": "article1780845.bdnews", "article_title": "যাত্রী পরিবহনে বিমান-নভোএয়ার চুক্তি", "article_by": "নিজস্ব প্রতিবেদক, বিডিনিউজ টোয়েন্টিফোর ডটকম", "article_published": "15 Jul 2020 06:15 PM BdST", "article_updated": "15 Jul 2020 06:15 PM BdST", "article_leadtext": "কোনো কারণে ফ্লাইট বাতিল হলে একে অন্যের যাত্রী পরিবহনে চুক্তিবদ্ধ হয়েছে রাষ্ট্রীয় সংস্থা বিমান বাংলাদেশ এয়ারলাইন্স ও বেসরকারি নভোএয়ার।", "article_text": "কোনো কারণে ফ্লাইট বাতিল হলে একে অন্যের যাত্রী পরিবহনে চুক্তিবদ্ধ হয়েছে রাষ্ট্রীয় সংস্থা বিমান বাংলাদেশ এয়ারলাইন্স ও বেসরকারি নভোএয়ার। বুধবার বিমান বাংলাদেশ এয়ারলাইন্স কার্যালয় বলাকা ভবনে এই স্পেশাল রি-প্রটেকশন চুক্তি সই হয়েছে বলে নভোএয়ার এক সংবাদ বিজ্ঞপ্তিতে জানিয়েছে। বিমানের ডেপুটি জেনারেল ম্যানেজার আলী ওসমান নুর এবং নভোএয়ারের হেড অব মার্কেটিং অ্যান্ড সেলস মেজবাউল ইসলাম চুক্তিতে সই করেন। চুক্তির ফলে অভ্যন্তরীন গন্তব্যে অনিবার্য কারনে ফ্লাইট বাতিল বা বিলম্ব হলে উভয় প্রতিষ্ঠান একে অপরের যাত্রী বহন করবে। একইভাবে আন্তর্জাতিক গন্তব্যেও সংযোগের ক্ষেত্রে উভয় প্রতিষ্ঠান অভ্যন্তরীণ গন্তব্যে একে অপরের যাত্রী বহন করবে। চুক্তি স্বাক্ষর অনুষ্ঠানে বিমানের ব্যবস্থাপনা পরিচালক ও প্রধান নির্বাহী কর্মকর্তা মোকাব্বির হোসেন, নভোএয়ারের ব্যবস্থাপনা পরিচালক মফিজুর রহমান উপস্থিত ছিলেন।", "article_category": "business"}