{"article_id": "article1775658.bdnews", "article_title": "করোনাভাইরাস সংক্রমণ ঠেকাতে ‘স্নিজ গার্ড’ আনল প্রাণ-আরএফএল", "article_by": "নিজস্ব প্রতিবেদক, বিডিনিউজ টোয়েন্টিফোর ডটকম", "article_published": "30 Jun 2020 10:49 PM BdST", "article_updated": "30 Jun 2020 10:49 PM BdST", "article_leadtext": "করোনাভাইরাসের সংক্রমণ ঠেকাতে ‘স্নিজ গার্ড’ এনেছে প্রাণ-আরএফএল এর অঙ্গ প্রতিষ্ঠান গেটওয়েল লিমিটেড।", "article_text": "করোনাভাইরাসের সংক্রমণ ঠেকাতে ‘স্নিজ গার্ড’ এনেছে প্রাণ-আরএফএল এর অঙ্গ প্রতিষ্ঠান গেটওয়েল লিমিটেড। ‘স্নিজ গার্ড’ হচ্ছে অ্যাক্রিলিক শিট দিয়ে তৈরি এক ধরনের সুরক্ষা সামগ্রী, যা দুই পাশে থাকা মানুষকে পরস্পরের ড্রপলেট থেকে রক্ষা করে। এটির ব্যবহার করোনাভাইরাসের সংক্রমণের ঝুঁকি কমাতে পারে বলে মনে করা হচ্ছে। প্রাণ-আরএফএল গ্রুপের বিপণন পরিচালক কামরুজ্জামান কামাল বলেন, “করোনা ভাইরাস দীর্ঘায়িত হওয়ায় জীবন ও জীবিকার প্রয়োজনে অর্থনৈতিক কর্মকাণ্ড চালু রাখতে হচ্ছে। সেক্ষেত্রে সুরক্ষা সামগ্রী অত্যন্ত প্রয়োজন। “কর্মক্ষেত্রে নিয়োজিত ব্যক্তিদের সুরক্ষিত রাখতে আমরা বাজারে এনেছি ‘স্নিজ গার্ড’। মহামারীর সময়ে অফিসের কর্মকাণ্ড স্বাভাবিক রাখতে এটি কার্যকরী ঢাল হিসাবে ব্যবহৃত হতে পারে। ”তিনটি মডেলের ‘স্নিজ গার্ড’ এখন পাওয়া যাচ্ছে, যার মূল্য যথাক্রমে ৪১০০ টাকা, ২৩০০ টাকা ও ১৮০০ টাকা। ক্রেতারা চাইলে পছন্দ অনুযায়ী অর্ডার করতে পারবেন। অনলাইনে অথবা ডটকমের মাধ্যমেও ক্রেতারা পণ্যটি কিনতে পারবেন। এছাড়া প্রাণ-আরএফএল গ্রুপের কাস্টমার কেয়ার সেন্টারে (০৯৬১৩৭৩৭৭৭৭) যোগাযোগ করে পণ্যটি সংগ্রহ করা যাবে। এর আগে করোনা ভাইরাসের সংক্রমণ ঠেকাতে বেশ কিছু সুরক্ষা পণ্য বাজারে আনে গেটওয়েল লিমিটেড। পণ্যগুলোর মধ্যে রয়েছে ফেস শিল্ড, সার্জিক্যাল গগলস, হ্যান্ড স্যানিটাইজার, পিপিই ফুল গাউন, বডি ব্যাগ (মরদেহ বহনের ব্যাগ), উইস্ক কেবিন (নমুনা সংগ্রহের বুথ) এবং ডিসইনফেকশন চেম্বার।", "article_category": "business"}