{"article_id": "article1773269.bdnews", "article_title": "সিলেট থেকে নভোএয়ারের বিশেষ ফ্লাইট", "article_by": "নিজস্ব প্রতিবেদক, বিডিনিউজ টোয়েন্টিফোর ডটকম", "article_published": "24 Jun 2020 04:17 PM BdST", "article_updated": "24 Jun 2020 04:17 PM BdST", "article_leadtext": "বাংলাদেশি বংশোদ্ভুত ফরাসি নাগরিক ও স্থায়ী বাসিন্দা ৫৪ জন যাত্রীকে সিলেট থেকে ঢাকায় এনেছে নভোএয়ার।", "article_text": "বাংলাদেশি বংশোদ্ভুত ফরাসি নাগরিক ও স্থায়ী বাসিন্দা ৫৪ জন যাত্রীকে সিলেট থেকে ঢাকায় এনেছে নভোএয়ার। বুধবার সকালে বিশেষ ফ্লাইটের মাধ্যমে ফ্রান্সগামী এসব যাত্রীকে ঢাকায় আনা হয় বলে এক সংবাদ বিজ্ঞপ্তিতে জানানো হয়েছে। বিশেষ ফ্লাইটটি সকাল ৭টা ১৫ মিনিটে ঢাকায় অবতরণ করে। পরে অন্য একটি বিমান সংস্থার বিশেষ ফ্লাইটে প্যারিসের উদ্দেশ্যে ঢাকা ত্যাগ করে। নভোএয়ার সরকার নির্দেশিত স্বাস্থ্যবিধি মেনে বর্তমানে ঢাকা থেকে প্রতিদিন চট্টগ্রামে ৩টি, যশোর ৩ টি, সৈয়দপুর ৪ টি ও সিলেট ১টি করে ফ্লাইট পরিচালনা করছে।", "article_category": "business"}