{"article_id": "article1773367.bdnews", "article_title": "ব্রাদার্স ফার্নিচারের পণ্য ইভ্যালিতে", "article_by": "নিজস্ব প্রতিবেদক, বিডিনিউজ টোয়েন্টিফোর ডটকম", "article_published": "24 Jun 2020 08:06 PM BdST", "article_updated": "24 Jun 2020 08:06 PM BdST", "article_leadtext": "ব্রাদার্স ফার্নিচারের বিভিন্ন আসবাবপত্র যেমন খাট, সোফা সেট, কিচেন ক্যাবিনেট, দরজা, ডাইনিং টেবিল, ম্যাট্রেস, ইন্ডাস্ট্রিয়াল এবং অফিস আসবাবপত্র পাওয়া যাবে ইভ্যালিতে।", "article_text": "ব্রাদার্স ফার্নিচারের বিভিন্ন আসবাবপত্র যেমন খাট, সোফা সেট, কিচেন ক্যাবিনেট, দরজা, ডাইনিং টেবিল, ম্যাট্রেস, ইন্ডাস্ট্রিয়াল এবং অফিস আসবাবপত্র পাওয়া যাবে ইভ্যালিতে। বুধবার এক সংবাদ বিজ্ঞপ্তিতে জানানো হয়, ব্রাদার্স ফার্নিচারের সঙ্গে এই সংক্রান্ত চুক্তি সই হয়েছে অনলাইন মার্কেটপ্লেস ইভ্যালির। ইভ্যালির হেড অব বিজনেস সিরাজুল ইসলাম রানা এবং ব্রাদার্স ফার্নিচারের পরিচালক (বিপণন ও বিক্রয়) শরিফুজ্জামান সরকার নিজ নিজ প্রতিষ্ঠানের পক্ষে চুক্তিপত্রে সই করেন। চুক্তি অনুযায়ী, ইভ্যালিতে ব্রাদার্স ফার্নিচারের বিভিন্ন পণ্য বিক্রি হবে। আর ক্রেতাদের কাছে পণ্য পৌঁছে দেওয়া এবং তাদের বিক্রয়োত্তর সেবা দেবে ব্রাদার্স ফার্নিচার। আকর্ষণীয় অফারের সাথে পণ্যগুলো গ্রাহকদের জন্য ইভ্যালিতে ‘লাইভ’ করা হবে বলে প্রতিষ্ঠানটির পক্ষ থেকে জানানো হয়। ইভ্যালির ব্যবস্থাপনা পরিচালক এবং প্রধান নির্বাহী কর্মকর্তা মোহাম্মদ রাসেল বলেন, “গ্রাহকেরা যেন এই সময়ে ঘরে এবং নিরাপদ অবস্থানে থেকে অনলাইনে পণ্য কেনাবেচার সর্বাধিক সুযোগ পান সেলক্ষ্যে আমরা কাজ করছি। এরজন্য দেশের বাজারে শীর্ষ এবং গ্রাহকদের কাছে জনপ্রিয় ব্র্যান্ডগুলোকে আমাদের সাথে ‘অনবোর্ড’ করছি। “আমাদের সাথে যুক্ত হওয়ার জন্য এবং নিজেদের পণ্য অনলাইন মার্কেটপ্লেসে বিক্রির প্ল্যাটফর্ম হিসেবে ইভ্যালিকে বেছে নেওয়ার জন্য আমরা ব্রাদার্স ফার্নিচারের প্রতি কৃতজ্ঞতা জানাই। ”", "article_category": "business"}